,Artist,Title,Mood
0,Usher,There Goes My Baby,relaxed
1,Da'Ville,On My Mind,relaxed
2,Rihanna,Rockstar 101 ,relaxed
3,J. Holiday,Bed,relaxed
4,Morgan Heritage,Don't Haffi Dread,angry
5,Whitney Houston,My Love Is Your Love,happy
6,Serani,Study People,angry
7,Austra,Spellwork,angry
8,Coro,Can't Let You Go,happy
9,Beenie Man,Slam,relaxed
10,Deitrick Haddon,Love Him Like I Do ,happy
11,The Jackson 5,ABC,relaxed
12,Maysa,The Lady In My Life,happy
13,Ryan Shaw,We Got Love,happy
14,The Paris Sisters,I Love How You Love Me,happy
15,New Direction,I Came To Jesus,sad
16,Kurt Carr & The Kurt Carr Singers,God Great God,happy
17,Kenny Lattimore,And I Love Her,happy
18,Jordin Sparks,Battlefield,angry
19,Spoon,You Got Yr. Cherry Bomb,angry
20,Tarralyn Ramsey,Peace Of God,relaxed
21,Tyrese,One,relaxed
22,Dr. Dog,Where'd All The Time Go?,sad
23,Tarralyn Ramsey,Unconditional Love,happy
24,Kool & The Gang,Steppin' Into Love,happy
25,Anders Osborne,Darkness At The Bottom,sad
26,The Rolling Stones,Gimme Shelter,angry
27,The Rolling Stones,Happy,happy
28,Bobby Bare,Detroit City,relaxed
29,Gene Watson,Got No Reason Now For Goin' Home,relaxed
30,George Strait,El Rey,sad
31,Playing For Change,Don't Worry,relaxed
32,The Rolling Stones,Melody,relaxed
33,Stars,Fixed,sad
34,Glasser,Home,relaxed
35,Betty Wright,Where Is The Love,happy
36,Mavis Staples,You Are Not Alone,angry
37,The Rolling Stones,Not Fade Away,happy
38,The Beach Boys,God Only Knows,happy
39,Korn,Blind,sad
40,Megadeth,Angry Again,angry
41,Ra,Do You Call My Name,angry
42,Avenged Sevenfold,Nightmare,angry
43,Mudvayne,Scream With Me,angry
44,Static-X,Dirthouse,sad
45,Metallica,Cyanide,sad
46,Green Day,Longview,sad
47,Nirvana,Rape Me,angry
48,Marilyn Manson,Sweet Dreams ,angry
49,Staind,Mudshovel,angry
50,Pantera,This Love,happy
51,Chevelle,Send The Pain Below,angry
52,The Red Hot Chili Peppers,Scar Tissue,sad
53,Metallica,Harvester Of Sorrow,angry
54,Guns N' Roses,Civil War,angry
55,Shadows Fall,King Of Nothing,angry
56,Comeback Kid,Do Yourself A Favor,sad
57,Rob Zombie,Superbeast,sad
58,Pearl Jam,Why Go,relaxed
59,Scorpions,Rock You Like A Hurricane,angry
60,Nine Inch Nails,Terrible Lie,angry
61,Stone Temple Pilots,Wicked Garden,angry
62,Smashing Pumpkins,Bullet With Butterfly Wings,angry
63,Nirvana,Come As You Are,angry
64,Black Sabbath,War Pigs,angry
65,Korn,Everything I've Known,angry
66,Disturbed,Indestructible,angry
67,Three Days Grace,Riot,angry
68,Dierks Bentley,Free And Easy ,relaxed
69,Kenny Chesney,When The Sun Goes Down ,relaxed
70,Zac Brown Band,Free,relaxed
71,Frankie Ballard,Tell Me You Get Lonely,sad
72,Faith Hill,The Way You Love Me,happy
73,Blake Shelton,Home,relaxed
74,Josh Turner,Your Man,relaxed
75,Alice Cooper,Welcome To My Nightmare,angry
76,Led Zeppelin,Rock And Roll,sad
77,Joan Jett & The Blackhearts,I Hate Myself For Loving You,angry
78,Jonny Lang,Lie To Me,angry
79,The Doors,Love Her Madly,happy
80,Eric Clapton,Cocaine,angry
81,Robert Cray,Smoking Gun,angry
82,Jefferson Airplane,Somebody To Love,happy
83,Supertramp,Bloody Well Right,angry
84,Ted Nugent,Cat Scratch Fever,sad
85,Alice Cooper,No More Mr. Nice Guy,sad
86,Neil Young,Heart Of Gold,happy
87,Boston,Let Me Take You Home Tonight,relaxed
88,Scorpions,Still Loving You,happy
89,The Doors,Light My Fire,angry
90,Night Ranger,Don't Tell Me You Love Me,happy
91,Lynyrd Skynyrd,That Smell,sad
92,Pat Benatar,Hit Me With Your Best Shot,angry
93,Guns N' Roses,Paradise City,relaxed
94,Yes,I've Seen All Good People,relaxed
95,Motley Crue,Home Sweet Home,relaxed
96,Lynyrd Skynyrd,You Got That Right,angry
97,Bad Company,Feel Like Makin' Love,happy
98,Jethro Tull,Locomotive Breath,sad
99,Bad Company,Can't Get Enough,happy
100,The Who,Love Reign O'er Me,relaxed
101,Billy Squier,In The Dark,sad
102,Pink Floyd,One Of These Days,sad
103,Van Halen,Runnin' With The Devil,angry
104,David Bowie,Fame,happy
105,Three Plus,Undercover Lover,relaxed
106,Three Plus,Honey Baby,relaxed
107,Three Plus,Two Person Party,relaxed
108,Bob Marley & The Wailers,Easy Skanking,relaxed
109,Gregory Isaacs,Private Beach Party,happy
110,Fiji,Anything You Want,relaxed
111,Ooklah The Moc,Hell Fire,angry
112,Shaggy,Angel ,relaxed
113,Sean Paul,I'm Still In Love With You ,happy
114,The Beach Boys,Good Vibrations,relaxed
115,Orleans,Still The One,happy
116,The Babys,Every Time I Think Of You,happy
117,R.E.M.,The One I Love,angry
118,The Cure,Lovesong,happy
119,Annie Lennox,Walking On Broken Glass,sad
120,Soft Cell,Tainted Love,happy
121,Lenny Kravitz,Again,happy
122,Cyndi Lauper,Time After Time,sad
123,Falco,Rock Me Amadeus,angry
124,The Fixx,Saved By Zero,happy
125,Gino Vannelli,Living Inside Myself,angry
126,Aretha Franklin,Respect,relaxed
127,Melissa Etheridge,I'm The Only One,angry
128,Fleetwood Mac,Go Your Own Way,sad
129,Andy Kim,Rock Me Gently,relaxed
130,The Bee Gees,Lonely Days,sad
131,Rod Stewart,Passion,happy
132,U2,Pride ,happy
133,Janet Jackson,Nasty,sad
134,Howard Jones,What Is Love?,happy
135,Sheryl Crow,A Change Would Do You Good,relaxed
136,The Thompson Twins,King For A Day,happy
137,.38 Special,Second Chance,happy
138,Depeche Mode,Strangelove,angry
139,Kajagoogoo,Too Shy,sad
140,The Flying Lizards,Money ,happy
141,Kenny Loggins,Danger Zone,angry
142,Eddie Money,Think I'm In Love,happy
143,Donna Summer,Bad Girls,sad
144,John Cougar Mellencamp,Authority Song,angry
145,Aerosmith,Janie's Got A Gun,angry
146,The Motels,Only The Lonely,sad
147,Edwin Starr,War,angry
148,Tesla,Love Song,happy
149,Andrew Gold,Lonely Boy,sad
150,Madonna,Angel,relaxed
151,Duran Duran,I Don't Want Your Love,happy
152,Alias,More Than Words Can Say,relaxed
153,Mr. Mister,Is It Love,happy
154,Right Said Fred,I'm Too Sexy,happy
155,John Mellencamp,Lonely Ol' Night,sad
156,Kenny Loggins,Whenever I Call You Friend ,happy
157,The Pointer Sisters,Fire,angry
158,Duran Duran,A View To A Kill,angry
159,Seals & Crofts,Diamond Girl,relaxed
160,April Wine,Just Between You And Me,happy
161,Paul McCartney & Wings,My Love,happy
162,Nelly Furtado,I'm Like A Bird,relaxed
163,The Beatles,Can't Buy Me Love,happy
164,Lita Ford,Kiss Me Deadly,happy
165,The Trammps,Disco Inferno,angry
166,Killswitch Engage,This Fire Burns,angry
167,Atreyu,Lip Gloss And Black,angry
168,Alkaline Trio,Burn,angry
169,Demon Hunter,Lifewar,angry
170,Hot Hot Heat,Bandages,sad
171,Buzzcocks,Love You More,happy
172,Social Distortion,Ring Of Fire,angry
173,Streetlight Manifesto,Sick And Sad,sad
174,Reel Big Fish,The Fire,angry
175,Limp Bizkit,Take A Look Around,angry
176,Rancid,The Bravest Kids,angry
177,The Clash,White Riot,angry
178,Me First & The Gimme Gimmes,Over The Rainbow,relaxed
179,The Winans,Uphold Me,happy
180,Donnie McClurkin,We Fall Down,sad
181,Tonex,God Has Not 4got,happy
182,Jonathan Nelson,My Name Is Victory ,happy
183,Tamela Mann,Joy Of The Lord,happy
184,CeCe Winans,Waging War,angry
185,Juanita Bynum,Peace,relaxed
186,Vanessa Bell Armstrong,Desire Of My Heart,happy
187,B.B. King,The Thrill Is Gone,happy
188,The Art Of Noise,Moments In Love,happy
189,Norah Jones,Chasing Pirates,sad
190,Sade,Never As Good As The First Time,relaxed
191,Chaka Khan,Through The Fire,angry
192,Alicia Keys,Fallin',happy
193,Sade,I Couldn't Love You More,happy
194,Sting,It's Probably Me,angry
195,Go West,What You Won't Do For Love,happy
196,Robin Thicke,Lost Without U,happy
197,Sade,No Ordinary Love,happy
198,Luther Vandross,Any Love,happy
199,Sade,Kiss Of Life,happy
200,Jason Mraz,Lucky ,happy
201,Kenny G,What A Wonderful World ,relaxed
202,Bobby Caldwell,What You Won't Do For Love,happy
203,Dave Matthews Band,Crash Into Me,angry
204,Michael Buble,Home,relaxed
205,Anita Baker,Same Ole Love ,happy
206,Enya,Caribbean Blue,relaxed
207,Natalie Cole,This Will Be,happy
208,Avenged Sevenfold,Scream,angry
209,Metallica,Holier Than Thou,sad
210,Hail The Villain,Take Back The Fear,angry
211,Sick Puppies,Street Fighter ,angry
212,Flyleaf,I'm So Sick,sad
213,Nirvana,You Know You're Right,angry
214,Three Days Grace,Home,relaxed
215,Three Days Grace,Animal I Have Become,angry
216,Breaking Benjamin,Until The End,angry
217,Disturbed,The Game,angry
218,Metallica,Seek And Destroy,angry
219,Red,Death Of Me,sad
220,The Prodigy,Breathe,angry
221,Smashing Pumpkins,Disarm,angry
222,Soundgarden,Rusty Cage,sad
223,Silverchair,Tomorrow,sad
224,Rage Against The Machine,Bombtrack,angry
225,Taio Cruz,Dirty Picture ,sad
226,Baby Bash,That's How I Go ,relaxed
227,Baby Bash,Cyclone ,angry
228,Baby Bash,Fantasy Girl ,relaxed
229,Ivory Joe Hunter,Since I Met You Baby,happy
230,Whitney Houston,I Will Always Love You,happy
231,Shop Boyz,Party Like A Rock Star,happy
232,Lady Gaga,LoveGame,happy
233,Mary J. Blige,Real Love,happy
234,Chamillionaire,Ridin ,sad
235,Keith Sweat,Nobody ,happy
236,Juvenile,Slow Motion ,sad
237,Mary Wells,What Love Has Joined Together,happy
238,Fidel Rueda,Me Encantaria,sad
239,Palomo,No Me Conoces Aun,sad
240,Los Pikadientes De Caborca,La Cumbia Del Rio,sad
241,K-Paz De La Sierra,Volvere,sad
242,Chalino Sanchez,Cuatro Espadas,sad
243,Banda El Recodo,Pena Tras Pena,sad
244,Los Cadetes De Linares,Las Tres Tumbas,sad
245,Los Temerarios,Al Otro Lado Del Sol,sad
246,Chalino Sanchez,Baraja De Oro ,sad
247,Eric Church,Love Your Love The Most,happy
248,Tim McGraw,It's Your Love ,happy
249,Temple Of The Dog,Hunger Strike,sad
250,Eric Clapton,Cocaine,angry
251,Soul For Real,Candy Rain,relaxed
252,Tank,Sex Music,happy
253,Matt Redman,This Is How We Know,happy
254,Big Daddy Weave,Just The Way I Am,happy
255,Point Of Grace,All The World,relaxed
256,Steven Curtis Chapman,All About Love,happy
257,Chris Tomlin,Our God,happy
258,Steven Curtis Chapman,Not Home Yet,relaxed
259,Digital Underground,Kiss You Back,happy
260,Mark Ronson,Bang Bang Bang ,sad
261,Sting,I Hung My Head,sad
262,Carrie Rodriguez,Big Love,happy
263,The Secret Sisters,The One I Love Is Gone,relaxed
264,Shelby Lynne,Family Tree,sad
265,Ra Ra Riot,Foolish,sad
266,Nitin Sawhney,Sunset,relaxed
267,Sidewalk Prophets,You Can Have Me,happy
268,Rebecca St. James,Song Of Love,happy
269,Aaron Shust,My Savior My God,happy
270,By The Tree,Beautiful One,happy
271,Josh Wilson,Before The Morning,angry
272,Aaron Shust,Give Me Words To Speak,relaxed
273,Jeremy Camp,Take You Back,angry
274,Jeremy Camp,Beautiful One,happy
275,Rich Mullins,Awesome God,happy
276,City On A Hill,God Of Wonders,relaxed
277,"Phillips, Craig & Dean",Friend Of God,happy
278,Third Day,I've Always Loved You,happy
279,Building 429,I Believe ,happy
280,DecembeRadio,Love Can,happy
281,Avalon,Testify To Love,relaxed
282,Sonicflood,I Could Sing Of Your Love Forever,happy
283,Nichole Nordeman,Time After Time ,sad
284,Marco Antonio Solis,Si No Te Hubieras Ido,sad
285,La Sonora Dinamita,Que Nadie Sepa Mi Sufrir,sad
286,Grupo Bryndis,Por Estar Pensando En Ti,sad
287,Juan Gabriel,Pero Que Necesidad,sad
288,Bronco,Oficialmente Loco,sad
289,Los Pasteles Verdes,El Solitario,sad
290,Ana Barbara,Bandido,sad
291,Joan Sebastian,Rumores ,sad
292,Jose Jose,Lo Dudo,sad
293,Los Mier,Te Amo,sad
294,Camilo Sesto,Tarde O Temprano,sad
295,Marco Antonio Solis,Amor En Silencio,sad
296,Vicente Fernandez,El Rey,sad
297,Los Humildes,Vestido Mojado,sad
298,Los Bukis,Que Mala,sad
299,Joan Sebastian,El Perdedor,sad
300,La Mafia,Me Estoy Enamorando,sad
301,Banda Machos,Al Gato Y Al Raton,sad
302,Joan Sebastian,Sentimental,sad
303,Palomo,Baraja De Oro,sad
304,The Bee Gees,Night Fever,sad
305,Deniece Williams,It's Gonna Take A Miracle,happy
306,Wings,Silly Love Songs,happy
307,Faith Hill,This Kiss,happy
308,Daryl Hall & John Oates,Kiss On My List,happy
309,Celine Dion,My Heart Will Go On,happy
310,Cher,Believe,happy
311,Backstreet Boys,I Want It That Way,angry
312,Lil Wayne,On Fire,angry
313,Kylie,All The Lovers,angry
314,Chromeo,Don't Turn The Lights On,sad
315,Rockell,In A Dream,happy
316,Infernal,From Paris To Berlin,happy
317,Ministry,Everyday Is Halloween,angry
318,Ferry Corsten,Fire,angry
319,Yves Larock,Rise Up,relaxed
320,Angel City,Love Me Right ,happy
321,MercyMe,Bless Me Indeed,relaxed
322,Aaron Shust,Watch Over Me,sad
323,Pocket Full Of Rocks,Song To The King,happy
324,The Museum,Never Look Away,angry
325,Brandon Heath,Love Never Fails,happy
326,Above The Golden State,I'll Love You So,happy
327,Jars Of Clay,They'll Know We Are Christians By Our Love,happy
328,Mark Schultz,Love Has Come,happy
329,Robbie Seay Band,Song Of Hope ,happy
330,Matt Brouwer,Sometimes,angry
331,Third Day,I Believe,happy
332,Fee,Glory To God Forever,happy
333,Sade,Somebody Already Broke My Heart,angry
334,Al Green,I'm Still In Love With You,happy
335,Phil Collins,Another Day In Paradise,relaxed
336,Jonathan Butler,So Strong,happy
337,The Cardigans,Lovefool,happy
338,Ryan Star,Start A Fire,angry
339,Dido,Hunter,relaxed
340,R.E.M.,Shiny Happy People,happy
341,Evanescence,My Immortal,angry
342,Michelle Branch,All You Wanted,sad
343,Tonic,You Wanted More,happy
344,Fontella Bass,Rescue Me,happy
345,The Beach Boys,Wouldn't It Be Nice,relaxed
346,Three Dog Night,An Old Fashioned Love Song,happy
347,The Beatles,Here Comes The Sun,relaxed
348,Billy Joel,Uptown Girl,relaxed
349,The Beatles,Love Me Do ,happy
350,The Beatles,In My Life,happy
351,The Beatles,All You Need Is Love,happy
352,Johnny Nash,I Can See Clearly Now,relaxed
353,Three Dog Night,Joy To The World,happy
354,Ringo Starr,It Don't Come Easy,relaxed
355,Shontelle,Perfect Nightmare,angry
356,Ke$ha,Your Love Is My Drug,happy
357,Shenandoah,I Want To Be Loved Like That,happy
358,George Strait,Baby Blue,relaxed
359,Porter Wagoner,"Green, Green Grass Of Home",relaxed
360,John Anderson,Wild And Blue,relaxed
361,Merle Haggard,Rainbow Stew,relaxed
362,Juice Newton,Angel Of The Morning,relaxed
363,Randy Travis,If I Didn't Have You,sad
364,Johnny Cash,Ring Of Fire,angry
365,Willie Nelson,Always On My Mind,relaxed
366,Dwight Yoakam,Honky Tonk Man,relaxed
367,Mark Chesnutt,Brother Jukebox,relaxed
368,Cavo,Blame,sad
369,Sammy Hagar,I Don't Need Love,happy
370,Alice Cooper,School's Out,sad
371,Kiss,Do You Love Me?,happy
372,Led Zeppelin,Nobody's Fault But Mine,sad
373,ZZ Top,Blue Jean Blues,relaxed
374,Thirty Seconds To Mars,This Is War,angry
375,311,Lovesong,happy
376,Marilyn Manson,Tainted Love,happy
377,Muse,Supermassive Black Hole,sad
378,Three Days Grace,Pain,angry
379,The Cult,Fire Woman,angry
380,Nirvana,Polly,sad
381,Stone Temple Pilots,Unglued,sad
382,Jimmy Eat World,Pain,angry
383,Blink-182,I Miss You,sad
384,Cake,Sick Of You,sad
385,Metric,Eclipse ,angry
386,Cake,War Pigs,angry
387,Marilyn Manson,The Fight Song,angry
388,Muse,Map Of The Problematique,sad
389,The Temptations,I Want A Love I Can See,happy
390,Alejandro Fernandez,Matalas,sad
391,Mary J. Blige,I Love You,happy
392,Liquits,Desde Que,sad
393,Pedro Infante,Luna De Octubre,sad
394,Bobby Vinton,Mr. Lonely,sad
395,Tommy James & The Shondells,Crystal Blue Persuasion,relaxed
396,Victor Manuelle,Nunca Habia Llorado Asi ,sad
397,Ian Van Dahl,Will I,happy
398,Kosheen,Hide U,angry
399,Ronnie Milsap,Stranger In My House,relaxed
400,Hank Williams,Your Cheatin' Heart,relaxed
401,Mark Chesnutt,Your Love Is A Miracle,happy
402,Dolly Parton,Real Love,happy
403,Patty Loveless,I'm That Kind Of Girl,relaxed
404,The Marshall Tucker Band,Heard It In A Love Song,happy
405,T. Graham Brown,I Tell It Like It Used To Be,happy
406,Marty Stuart,Burn Me Down,angry
407,George Strait,Let's Fall To Pieces Together,sad
408,Sammi Smith,Help Me Make It Through The Night,sad
409,Dolly Parton,Love Is Like A Butterfly,relaxed
410,Dolly Parton,I Will Always Love You,happy
411,Emmylou Harris,Queen Of The Silver Dollar,relaxed
412,Earl Thomas Conley,I Can't Win For Losin' You,happy
413,Charley Pride,Kiss An Angel Good Mornin',happy
414,The Judds,Love Can Build A Bridge,happy
415,Jack Ingram,Mustang Burn,angry
416,George Strait,True,relaxed
417,Vince Gill,When I Call Your Name,sad
418,Alabama,Old Flame,angry
419,Dwight Yoakam,Please Please Baby,relaxed
420,Eddie Rabbitt,You And I,happy
421,Dwight Yoakam,Ain't That Lonely Yet,sad
422,Jonatha Brooke,Little Bird,relaxed
423,Quincy Jones,Killer Joe,sad
424,Roberta Flack & Donny Hathaway,Where Is The Love,happy
425,Jon B.,Someone To Love ,happy
426,Jack Ingram,Love You,happy
427,Taylor Dayne,I'll Always Love You,happy
428,Santana,Whole Lotta Love ,happy
429,Soundgarden,Let Me Drown,angry
430,Alice Cooper,Poison,angry
431,Dokken,Alone Again,sad
432,Iron Maiden,Phantom Of The Opera,sad
433,Scorpions,Animal Magnetism,happy
434,Black Sabbath,The Devil Cried,angry
435,The Who,Long Live Rock,sad
436,Led Zeppelin,Bring It On Home,relaxed
437,Scorpions,Coming Home,relaxed
438,Brian McKnight,Love Of My Life,happy
439,Lionel Richie,Penny Lover,happy
440,Lisa Stansfield,Change,happy
441,Celine Dion,Love Can Move Mountains,happy
442,Jah Cure,Love Is,happy
443,Jody Watley,Looking For A New Love,happy
444,Bobby Darin,Dream Lover,relaxed
445,The Archies,"Sugar, Sugar",relaxed
446,Gwen Mccrae,Rockin' Chair,relaxed
447,Whitney Houston,You Give Good Love,happy
448,Paul Anka,Puppy Love,happy
449,Harold Melvin & The Blue Notes,Don't Leave Me This Way,happy
450,Gyptian,Beautiful Lady,relaxed
451,Bob Marley & The Wailers,So Much Trouble In The World,angry
452,Donna Summer,Love To Love You Baby,happy
453,Donna Summer,I Feel Love,happy
454,New Edition,Lost In Love,happy
455,Duane Stephenson,Cottage In Negril,relaxed
456,Beyonce,Dangerously In Love,happy
457,Rihanna,Russian Roulette,angry
458,Michael Jackson,Gone Too Soon,relaxed
459,Shania Twain,From This Moment On,relaxed
460,Julio Iglesias,My Love,happy
461,"Phillips, Craig & Dean",You Are God Alone,happy
462,Matt Brouwer,"Father, I Adore You",happy
463,Counting Crows,Accidentally In Love,happy
464,Fistful Of Mercy,Father's Son,sad
465,Greg Laswell,Take Everything ,relaxed
466,A Flock Of Seagulls,Space Age Love Song,happy
467,Peter Gabriel,Shock The Monkey,sad
468,Los Tigres Del Norte,Jose Perez Leon,sad
469,The Beatles,P.S. I Love You,happy
470,Portugal. The Man,People Say,angry
471,Concrete Blonde,Joey,angry
472,Bruce Springsteen,I'm On Fire,angry
473,Sufjan Stevens,Vesuvius,angry
474,Fastball,Out Of My Head,sad
475,Dire Straits,So Far Away,relaxed
476,Train,Cab,sad
477,Blind Faith,Can't Find My Way Home,relaxed
478,Dave Matthews Band,Everyday,happy
479,Pete Droge & The Sinners,Beautiful Girl,relaxed
480,Roxy Music,Jealous Guy,angry
481,Shawn Colvin,Get Out Of This House,relaxed
482,U2,Window In The Skies,happy
483,Mark Schultz,Love Has Come,happy
484,Sidewalk Prophets,You Can Have Me,happy
485,Josh Wilson,Before The Morning,angry
486,Brandon Heath,Your Love,happy
487,Jeremy Camp,Take You Back,angry
488,Third Day,God Of Wonders,relaxed
489,The Georgia Mass Choir,Joy,happy
490,Stevie Wonder,Lookin' For Another Pure Love,happy
491,Jody Watley,Real Love,happy
492,Chet Baker,Let's Get Lost,angry
493,Nina Simone,Feeling Good,relaxed
494,Mel Torme,Comin' Home Baby,relaxed
495,Freddie Hubbard,Red Clay,happy
496,Cassandra Wilson,Time After Time,sad
497,Patrice Rushen,Remind Me,happy
498,Curtis Mayfield,Give Me Your Love ,happy
499,Chayanne,Tu Boca,sad
500,Jeremias,Hay Un Amor Afuera,sad
501,David Bisbal,Esclavo De Sus Besos,sad
502,Darlene Zschech,Call Upon His Name ,relaxed
503,Aaron Shust,To God Alone,happy
504,Laura Story,What A Savior,happy
505,Darrell Evans,Trading My Sorrows,angry
506,Newsong,My Heart's Already There,happy
507,Britt Nicole,The Lost Get Found,angry
508,Jadon Lavik,Hear Our Song,happy
509,The Afters,All That I Am,happy
510,Todd Agnew,Joy Unspeakable,happy
511,Norman Hutchins,Get Ready For Your Miracle,happy
512,Diana Krall,You're My Thrill,happy
513,Jonathan Butler,Color Green,relaxed
514,John Coltrane,Acknowledgement,happy
515,Seether,Driven Under,angry
516,Soundgarden,Rhinosaur,sad
517,Metallica,Fight Fire With Fire,angry
518,Deftones,You've Seen the Butcher,sad
519,Velvet Revolver,Fall To Pieces,sad
520,Puddle Of Mudd,Away From Me,angry
521,Staind,Home,angry
522,Pearl Jam,Glorified G,angry
523,Alex Bueno,Que Vuelva,sad
524,Los Iracundos,Y Te Has Quedado Sola,sad
525,Moenia,Ni Tu Ni Nadie,sad
526,David Guetta,On The Dancefloor ,angry
527,Los Cadetes De Linares,El Palomito,sad
528,La Oreja De Van Gogh,Vestido Azul,sad
529,Paulina Rubio,Algo De Ti,sad
530,Fred Hammond & Radical For Christ,I Will Bless His Holy Name,relaxed
531,Whitney Houston,Joy ,happy
532,Israel & New Breed,Friend Of God,happy
533,Micah Stampley,War Cry,angry
534,Gary Wright,Love Is Alive,happy
535,Scissor Sisters,Fire With Fire,angry
536,The Drifters,Some Kind Of Wonderful,relaxed
537,J. Moss,Abundantly,relaxed
538,Phil Perry,Love Don't Love Nobody,happy
539,Cherrelle,Everything I Miss At Home,relaxed
540,The Ohio Players,Love Rollercoaster,happy
541,The Staple Singers,Respect Yourself,relaxed
542,Clyde McPhatter,Lover Please,sad
543,The Jackson 5,Maybe Tomorrow,relaxed
544,The Blackbyrds,Walking In Rhythm,relaxed
545,Shalamar,Take That To The Bank,happy
546,Maze,Love Is The Key ,relaxed
547,Gerald Levert,Baby Hold On To Me,relaxed
548,Maxwell,Fortunate,relaxed
549,Eddie Kendricks,Intimate Friends,happy
550,Teena Marie,Young Love,happy
551,Ledisi,In The Morning,happy
552,Miki Howard,Come Share My Love,happy
553,Smokey Robinson,I Can't Give You Anything But Love,happy
554,George Benson,Don't Let Me Be Lonely Tonight,sad
555,Natalie Cole,Our Love,happy
556,Jimmy Sommers,If I Knew ,angry
557,Kindred The Family Soul,House Of Love,relaxed
558,Anita Baker,Angel,relaxed
559,Usher,Burn,angry
560,Waka Flocka Flame,Bustin' At 'Em,sad
561,Wavves,Mickey Mouse,sad
562,Suuns,Organ Blues,happy
563,The Apples In Stereo,Dream About The Future,relaxed
564,Bob Marley & The Wailers,Small Axe,sad
565,Waking The Cadaver,Boss Status,angry
566,Jah Cure,Troddin The Valley,angry
567,Bonnie 'Prince' Billy,Love Comes To Me,happy
568,Clap Your Hands Say Yeah,In This Home On Ice,sad
569,No Age,Fever Dreaming,sad
570,Grizzly Bear,Knife,angry
571,Out Hud,It's For You,sad
572,Hot Snakes,Braintrust,relaxed
573,Gravenhurst,The Velvet Cell,angry
574,Jemina Pearl,I Hate People ,angry
575,Asobi Seksu,Thursday,sad
576,Someone Still Loves You Boris Yeltsin,In Pairs,happy
577,Living Sacrifice,The Training,angry
578,Elliott Smith,Let's Get Lost,angry
579,Spank Rock,What It Look Like,sad
580,Stacey Kent,What A Wonderful World,relaxed
581,Frank Sinatra,My Kind Of Girl,relaxed
582,Ted Weems,Heartaches,happy
583,Rosemary Clooney,Come On-A My House,relaxed
584,Tommy Dorsey & His Orchestra,I'll Never Smile Again ,happy
585,Billie Holiday,Nice Work If You Can Get It,relaxed
586,Nat King Cole,Too Young,happy
587,Frank Sinatra,Nice 'N' Easy,relaxed
588,Nat King Cole,The Very Thought Of You ,relaxed
589,Escape The Fate,Issues,sad
590,Garbage,Stupid Girl,sad
591,Alkaline Trio,This Addiction,sad
592,Radiohead,Just,sad
593,Deftones,Minerva,relaxed
594,Sublime,Jailhouse,angry
595,Against Me!,I Was A Teenage Anarchist,angry
596,Sade,Love Is Stronger Than Pride,happy
597,Bruce Hornsby,Walk In The Sun,relaxed
598,Brian McKnight,Crazy Love,happy
599,Lionel Richie,You Are,happy
600,Harry Nilsson,Jump Into The Fire,happy
601,The Derek Trucks Band,Rastaman Chant,relaxed
602,Monchy & Alexandra,Dos Locos,sad
603,Chayanne,Un Siglo Sin Ti,sad
604,Domenic Marte,Eres Asi,sad
605,Juanes,Me Enamora,sad
606,Aleks Syntek,Duele El Amor ,sad
607,Amy Grant,Lucky One,happy
608,Natalie Cole,Inseparable,relaxed
609,Michael Jackson,One More Chance,happy
610,Robert John,Sad Eyes,sad
611,Elton John,Blue Eyes,relaxed
612,Bread,Make It With You,relaxed
613,Wilson Phillips,You're In Love,happy
614,Three Dog Night,Black & White,relaxed
615,Carly Simon,Haven't Got Time For The Pain,angry
616,Kenny Loggins,Meet Me Half Way,relaxed
617,Lionel Richie,Truly,happy
618,Stevie Wonder,Sweetest Somebody I Know,happy
619,Michael Jackson,Got To Be There,relaxed
620,The Emotions,Don't Ask My Neighbors,angry
621,The Majors,A Wonderful Dream,relaxed
622,The Everly Brothers,All I Have To Do Is Dream,relaxed
623,War,The World Is A Ghetto,relaxed
624,The O'Jays,For The Love Of Money,happy
625,The Rolling Stones,I Just Want To Make Love To You,happy
626,The Beatles,Birthday,happy
627,The Beatles,The End,happy
628,.38 Special,Fantasy Girl,relaxed
629,The Beatles,Happiness Is A Warm Gun,angry
630,The Jimi Hendrix Experience,Stone Free,relaxed
631,Alice Cooper,Be My Lover,relaxed
632,Sanctus Real,The Face Of Love,happy
633,BarlowGirl,I Need You To Love Me,happy
634,John Prine,Glory Of True Love,happy
635,Luciano,For The Leaders,angry
636,Gregory Isaacs,Slavemaster,angry
637,Chimaira,Pure Hatred,angry
638,Sevendust,Bitch,angry
639,Theory Of A Deadman,Hate My Life,angry
640,Evans Blue,Cold ,sad
641,Patricia Barber,Easy To Love,relaxed
642,Alabama,Down Home,relaxed
643,Jo Dee Messina,Bring On The Rain,sad
644,Thousand Foot Krutch,Fire It Up,angry
645,God Forbid,War Of Attrition,angry
646,Nirvana,Come As You Are,angry
647,Chiodos,Caves,angry
648,Nirvana,Polly ,sad
649,Lit,Miserable,angry
650,Olga Tanon,Asi Es La Vida,sad
651,Britney Spears,Toxic,angry
652,Natasha Bedingfield,These Words,happy
653,Akon,Don't Matter,angry
654,Sean Kingston,Fire Burning On The Dance Floor,angry
655,Robert Plant,You Can't Buy My Love,happy
656,Rosanne Cash,Motherless Children,happy
657,The Black Keys,Next Girl,relaxed
658,The Beatles,Octopus's Garden,relaxed
659,Moby,Study War,angry
660,Neil Young,Sign Of Love,happy
661,John Lennon & The Plastic Ono Band,Power To The People,happy
662,Iron Fire,Still Alive,angry
663,The Sword,Freya,sad
664,Inoj,Time After Time,sad
665,Reba,Strange,relaxed
666,Tanya Tucker,Some Kind Of Trouble,angry
667,Tanya Tucker,Down To My Last Teardrop,relaxed
668,Shadows Fall,Still I Rise,angry
669,Backstreet Boys,Quit Playing Games ,happy
670,Peter Cetera,Glory Of Love,happy
671,Blessid Union Of Souls,I Believe,happy
672,The Gap Band,You Dropped A Bomb On Me,angry
673,Debbie Gibson,Shake Your Love,happy
674,Incubus,Love Hurts,happy
675,The Psychedelic Furs,Heaven,relaxed
676,Dinosaur Jr.,Feel The Pain,angry
677,Echo & The Bunnymen,People Are Strange,sad
678,Iggy Pop,Lust For Life,happy
679,Crocodiles,Sleep Forever,relaxed
680,Nirvana,Sliver,relaxed
681,Ashanti,The Way That I Love You,happy
682,Maze,Southern Girl ,relaxed
683,Carole King,Will You Love Me Tomorrow?,happy
684,Mint Condition,You Don't Have To Hurt No More,angry
685,Robin Thicke,The Sweetest Love,happy
686,Eliane Elias,Movin' Me On,relaxed
687,Interpol,Barricade,sad
688,Rob Zombie,Mars Needs Women,angry
689,Rascal Flatts,I Won't Let Go,angry
690,The Beatles,Golden Slumbers,relaxed
691,Spirit,Fresh Garbage,sad
692,Vanilla Fudge,You Keep Me Hangin' On,happy
693,The Sylvers,Boogie Fever,sad
694,George Harrison,What Is Life,happy
695,Nicolette Larson,Lotta Love,happy
696,Lindsey Buckingham,Trouble,angry
697,U2,Angel Of Harlem,relaxed
698,Grand Funk Railroad,Bad Time,happy
699,Haddaway,What Is Love,angry
700,The S.O.S. Band,Take Your Time ,relaxed
701,Peter Frampton,I'm In You,happy
702,Operation Ivy,Unity,angry
703,Papa Roach,Burn,angry
704,Apocalyptica,Bring Them To Light ,angry
705,Kopek,Love Is Dead,angry
706,Peaches & Herb,Close Your Eyes,happy
707,The Temptations,You're My Everything,relaxed
708,GQ,I Do Love You,happy
709,Chalino Sanchez,El Crimen De Culiacan,sad
710,Shedaisy,Come Home Soon,relaxed
711,Garth Brooks,Standing Outside The Fire,angry
712,Lee Ann Womack,I May Hate Myself In The Morning,angry
713,Nat King Cole,L-O-V-E,happy
714,Jose Feliciano,Light My Fire,angry
715,DeBarge,All This Love,happy
716,Norah Jones,My Blue Heaven,relaxed
717,Elmore James,The Sky Is Crying,relaxed
718,Elvis Costello,One Bell Ringing,sad
719,Nicki Minaj,Save Me,relaxed
720,Brandon Heath,Your Love,happy
721,Michael W. Smith,Awesome God,happy
722,Jeremy Riddle,Bless His Name,relaxed
723,"Phillips, Craig & Dean",Because I'm Forgiven,happy
724,Sarah Sadler,Beautiful,happy
725,Juan Gabriel,Abrazame Muy Fuerte,sad
726,Chalino Sanchez,Baraja De Oro,sad
727,Sam Cooke,Trouble Blues,angry
728,Salvador,You Are There,happy
729,Billy Ocean,Love Is Forever,happy
730,Seal,I'm Still In Love With You,happy
731,Intocable,Contra Viento Y Marea,sad
732,Sonny James,Young Love,happy
733,Dolly Parton,Yellow Roses,relaxed
734,Innerpartysystem,American Trash,sad
735,Edward Sharpe & The Magnetic Zeros,Home,relaxed
736,Tenacious D,The Metal,sad
737,The Heartbeats,A Thousand Miles Away,relaxed
738,Surface,Happy,happy
739,The Gap Band,Yearning For Your Love,happy
740,War,Outlaw,angry
741,Dinora Y La Juventud,A Puro Dolor,sad
742,Lhasa,De Cara A La Pared,sad
743,Duncan Dhu,En Algun Lugar,sad
744,Miguel Aceves Mejia,Rogaciano,sad
745,Audioslave,Original Fire,angry
746,Chickenfoot,Sexy Little Thing,happy
747,Veruca Salt,Seether,angry
748,Corinne Bailey Rae,Is This Love,happy
749,Jack White,Wayfaring Stranger,relaxed
750,Cross Canadian Ragweed,Fightin' For,angry
751,Janie Frickie,It Ain't Easy Bein' Easy,relaxed
752,The Statler Brothers,Bed Of Roses,relaxed
753,Dolly Parton,But You Know I Love You,happy
754,Marilyn Manson,The Nobodies,sad
755,Ozzy Osbourne,Killer Of Giants,angry
756,L.A. Guns,Never Enough,relaxed
757,Iron Maiden,Iron Maiden,sad
758,Honeymoon Suite,New Girl Now,relaxed
759,Stevie Ray Vaughan & Double Trouble,Willie The Wimp ,sad
760,Faith Evans,Love Like This,happy
761,Elvis Presley,Jailhouse Rock,sad
762,Al Martino,I Love You Because,happy
763,George McCrae,Rock Your Baby,relaxed
764,Bruce Springsteen,Save My Love,relaxed
765,Dolores O'Riordan,The Journey,relaxed
766,She & Him,I Should Have Known Better,happy
767,Ian Dury & The Blockheads,Hit Me With Your Rhythm Stick,angry
768,The Red Hot Chili Peppers,Behind The Sun,relaxed
769,J.D. Souther,You're Only Lonely,sad
770,Freelance Whales,Starring,angry
771,The Cure,Fascination Street,sad
772,Jack Johnson,Wasting Time,sad
773,The Beatles,Thank You Girl ,relaxed
774,Electronic,Getting Away With It,happy
775,Chris Tomlin,Our God,happy
776,Robbie Seay Band,Song of Hope,happy
777,Hezekiah Walker & The Love Fellowship Crusade Choir,Grateful ,relaxed
778,Martha Munizzi,Invincible God,happy
779,Vickie Winans,The Rainbow,relaxed
780,The Shirelles,Will You Love Me Tomorrow,happy
781,Dianne Reeves,Afro Blue,relaxed
782,Black Label Society,Bored To Tears,sad
783,George Michael,I Want Your Sex,happy
784,Slayer,War Ensemble,angry
785,Metallica,Crash Course In Brain Surgery,angry
786,Monchy & Alexandra,Hasta El Fin,sad
787,Patrulla 81,Como Me Haces Falta,sad
788,Aliados De La Sierra,Te Amo,sad
789,Los Rieleros Del Norte,Un Juego,sad
790,Conjunto Primavera,El Amor Que Nunca Fue,sad
791,Luther Vandross,Anyone Who Had A Heart,happy
792,New Edition,Candy Girl,relaxed
793,Tower Of Power,Give Me Your Love,happy
794,Joan Osborne,War,angry
795,Jimmy Smith,Strut ,relaxed
796,"Harry Connick, Jr.",My Blue Heaven,relaxed
797,The Brian Setzer Orchestra,The Dirty Boogie,sad
798,Joni Mitchell,Sometimes I'm Happy,happy
799,Jimmy Smith,I Just Wanna Make Love To You ,happy
800,The Naked And Famous,All Of This,sad
801,The Jesus & Mary Chain,Just Like Honey,relaxed
802,Destructor,Skull Splitter,sad
803,Noah And The Whale,Give A Little Love,happy
804,Grizzly Bear,Lullabye,relaxed
805,Best Coast,Honey,relaxed
806,Warpaint,Composure,sad
807,Sly & The Family Stone,Family Affair,relaxed
808,Gliss,Morning Light,happy
809,Kaiser Chiefs,I Predict A Riot,angry
810,Buzzcocks,Ever Fallen In Love?,happy
811,Jay Reatard,DOA,happy
812,OFF!,Upside Down,sad
813,The Jesus & Mary Chain,The Hardest Walk,sad
814,Fang Island,The Illinois,relaxed
815,The Decemberists,This Is Why We Fight,angry
816,No Age,Life Prowler,happy
817,Someone Still Loves You Boris Yeltsin,Everlyn,sad
818,Billie Holiday,There Is No Greater Love,happy
819,Louis Armstrong,Stormy Weather,sad
820,Chevelle,Vitamin R ,angry
821,Deftones,Bored,sad
822,Muse,Knights Of Cydonia,angry
823,Bebel Gilberto,Aganju,sad
824,Peter Gabriel,Digging In The Dirt,sad
825,KMFDM,WWIII,angry
826,Michael Bolton,Said I Loved You...But I Lied,happy
827,England Dan & John Ford Coley,It's Sad To Belong,sad
828,Queen Latifah,What Love Has Joined Together,happy
829,Roberta Flack,Set The Night To Music ,relaxed
830,Otis Redding,Respect,relaxed
831,"Emerson, Lake & Palmer",From The Beginning,sad
832,Roisin Murphy,Let Me Know,sad
833,Elton John,Sad Songs ,sad
834,Sarah Vaughan,You're Not The Kind,relaxed
835,Alan Jackson,A Woman's Love,happy
836,Dean Martin,Innamorata,happy
837,Fine Young Cannibals,Ever Fallen In Love,happy
838,LeAnn Rimes,God Bless America,relaxed
839,Diana Krall,Little Girl Blue,relaxed
840,Billie Holiday,Did I Remember?,angry
841,Billie Holiday,The Very Thought Of You,relaxed
842,"Hamilton, Joe Frank & Reynolds",Fallin' In Love,happy
843,Mary J. Blige,Real Love ,happy
844,Trivium,Shattering The Skies Above,angry
845,Jarabe De Palo,El Lado Oscuro,sad
846,Ricardo Arjona,Pinguinos En La Cama,sad
847,The Oak Ridge Boys,Fancy Free,relaxed
848,Bobby Bare,500 Miles Away From Home,relaxed
849,Willie Nelson,Let It Be Me,happy
850,Willie Nelson,Blue Skies,relaxed
851,Ronnie Milsap,"Happy, Happy Birthday Baby",happy
852,Dolly Parton,Think About Love,happy
853,Marty Robbins,Big Iron,sad
854,Faron Young,Hello Walls,sad
855,Billy Swan,I Can Help,relaxed
856,Frank Sinatra,Nice Work If You Can Get It,relaxed
857,The Red Hot Chili Peppers,Fortune Faded,sad
858,Taddy Porter,Shake Me,sad
859,Rob Zombie,Sick Bubble-Gum,sad
860,Egypt Central,You Make Me Sick,sad
861,Juelz Santana,There It Go ,relaxed
862,Skindred,Pressure,angry
863,The Wannadies,Skin,happy
864,Vanessa Williams,My Flame,happy
865,Paula Abdul,The Way That You Love Me,happy
866,My Morning Jacket,Circuital,sad
867,The Beatles,Yer Blues,sad
868,George Harrison,Isn't It A Pity,sad
869,Arthur Brown,Fire,angry
870,J Boog,Let's Do It Again ,relaxed
871,Kapena,Masese,sad
872,Pat Benatar,Fire And Ice,angry
873,The Four Tops,When She Was My Girl,relaxed
874,The Honey Drippers,Sea Of Love,happy
875,Emmylou Harris,Home Sweet Home,relaxed
876,Toots & The Maytals,Pressure Drop,angry
877,James Blake,Lindisfarne I,sad
878,Dan Deacon,Wet Wings,sad
879,Jane Monheit,Save Your Love For Me,happy
880,Foster The People,Warrant,angry
881,Jens Lekman,I'm Leaving You Because I Don't Love You,happy
882,Bill Callahan,Sycamore,angry
883,Wye Oak,Civilian,relaxed
884,The Doors,The Spy,angry
885,Slayer,Cult,angry
886,Dirge Within,Self Medicate,angry
887,Atreyu,Ex's And Oh's,sad
888,Donnie McClurkin,When You Love ,happy
889,Anita Baker,You Bring Me Joy,happy
890,Anita Baker,Good Love,happy
891,Adele,Love Song,happy
892,Adelitas Way,Sick,sad
893,Sick Puppies,War,angry
894,Red,Feed The Machine,sad
895,Metallica,Metal Militia,sad
896,Cold,Wicked World,angry
897,Anthrax,Among The Living,angry
898,Blackguard,Firefight,angry
899,Katy Perry,E.T. ,angry
900,The Stylistics,You're A Big Girl Now,relaxed
901,Kid Rock,Collide ,angry
902,Millie Small,My Boy Lollipop,happy
903,The Rolling Stones,We Love You,happy
904,Bob Marley & The Wailers,War,angry
905,Gene Pitney,Only Love Can Break A Heart,happy
906,John Hiatt,What Kind Of Man,relaxed
907,Joan Armatrading,This Charming Life,happy
908,The Isley Brothers,Fight The Power Part 1,angry
909,War,Me And Baby Brother,relaxed
910,Eskmo,Color Dropping,relaxed
911,Chris Tomlin,Our God,happy
912,Celine Dion,God Bless America,relaxed
913,Lincoln Brewster,All I Really Want,happy
914,Jose Jose,O Tu O Yo,sad
915,Joe Cocker,You Are So Beautiful,happy
916,Cassandra Wilson,Blue Skies,relaxed
917,Roy Milton,Thrill Me,happy
918,Billie Holiday,Nice Work If You Can Get It,relaxed
919,Delirious?,Stronger,happy
920,Ready For The World,Love You Down,happy
921,New Edition,I'm Still In Love With You,happy
922,Frederick Knight,I've Been Lonely For So Long,sad
923,Wilson Pickett,Don't Let The Green Grass Fool You,relaxed
924,Jill Scott,So In Love ,happy
925,Johnny Gill,In The Mood,relaxed
926,One Way,Cutie Pie,relaxed
927,Elvis Presley,Heartbreak Hotel,sad
928,The Platters,I Love You 1000 Times,happy
929,Bo Diddley,Bo Diddley,relaxed
930,Brenton Wood,Gimme Little Sign,relaxed
931,Barry Manilow,Can't Smile Without You,sad
932,Shenandoah,Rock My Baby,relaxed
933,Hank Snow,Hello Love,happy
934,Zebra,One More Chance,happy
935,Sammy Hagar,Baby's On Fire,angry
936,Tony Carey,I Won't Be Home Tonight,relaxed
937,Whitesnake,Love Ain't No Stranger,happy
938,Muse,Stockholm Syndrome,angry
939,Jose Alfredo Jimenez,El Rey,sad
940,Los Alegres De Teran,Hermosisimo Lucero,sad
941,Nice & Wild,Diamond Girl,relaxed
942,The Cult,Sun King,relaxed
943,Sammy Kershaw,Love Of My Life,happy
944,Craig Morgan,God Must Really Love Me,happy
945,Alan Jackson,Ring Of Fire,angry
946,David Kersh,Goodnight Sweetheart,relaxed
947,Robert Earl Keen,Something I Do,relaxed
948,Willie Nelson,Uncloudy Day,relaxed
949,Ryan Adams,To Be Young ,sad
950,Reckless Kelly,Some People's Kids,angry
951,Praise Band,Awesome God,happy
952,Phish,Free,relaxed
953,Christine McVie,Got A Hold On Me,happy
954,Chic,I Want Your Love,happy
955,Don Henley,Sunset Grill,relaxed
956,Underoath,A Boy Brushed Red Living In Black And White,angry
957,Vreid,Disciplined,angry
958,Belphegor,Blood Magick Necromance,angry
959,Murder By Death,Comin' Home,relaxed
960,My Darkest Days,Move Your Body,angry
961,Akon,Lonely,sad
962,Conjunto Primavera,Fue Un Placer Amarte,sad
963,Terri Clark,I Just Wanna  Be Mad,angry
964,Built To Spill,Goin' Against Your Mind,relaxed
965,Bo Diddley,Bring It To Jerome,relaxed
966,Jane Monheit,I'm Glad There Is You,happy
967,Ann Hampton Callaway,What Is This Thing Called Love?,happy
968,B.B. King,Don't Answer The Door,relaxed
969,James Hunter,No Smoke Without Fire,angry
970,Melody Gardot,Over The Rainbow,relaxed
971,Stevie Wonder,For Your Love,happy
972,Simon & Garfunkel,Homeward Bound,relaxed
973,Wadsworth Mansion,Sweet Mary,relaxed
974,Bayside,"Sick, Sick, Sick",sad
975,"Does It Offend You, Yeah?",The Monkeys Are Coming,angry
976,Rosie & The Originals,Angel Baby,happy
977,Maze,Happy Feelin's ,happy
978,Zoe,Love,happy
979,Young Galaxy,The Angels Are Surely Weeping,sad
980,PJ Harvey,This Mess We're In,relaxed
981,Kylesa,Dust,sad
982,Silversun Pickups,Waste It On,sad
983,Oh Land,White Nights,relaxed
984,The Beatles,And I Love Her,happy
985,Serge Gainsbourg,Requiem Pour Un C...,sad
986,Bebel Gilberto,Aganju,sad
987,The Dramatics,Get Up And Get Down,sad
988,Tinsley Ellis,Speak No Evil,angry
989,Kurt Elling,Matte Kudasai,sad
990,Merle Haggard,Going Where The Lonely Go,sad
991,Johnny Cash,Rusty Cage,sad
992,Green Day,Sassafrass Roots,sad
993,Judas Priest,Painkiller,angry
994,Mr. Big,Addicted To That Rush,sad
995,The Rolling Stones,Hang Fire,angry
996,Jack Johnson,From The Clouds,relaxed
997,Robbie Robertson,He Don't Live Here No More,sad
998,Stereophonics,Maybe Tomorrow,relaxed
999,The Police,So Lonely,sad
1000,Rockpile,Teacher Teacher,relaxed
1001,Air,Cherry Blossom Girl,relaxed
1002,Los Lobos,Come On Let's Go,happy
1003,Damien Rice,The Blowers Daughter,relaxed
1004,Byron Cage,It Is To You,relaxed
1005,Will Downing,Lover's Melody ,relaxed
1006,Mary J. Blige,I Can See In Color,relaxed
1007,Hezekiah Walker & The Love Fellowship Crusade Choir,Power Belongs To God,happy
1008,Donald Byrd,Think Twice,happy
1009,The Meters,Fire On The Bayou,angry
1010,Inner City,Good Life,happy
1011,La Ley,Aqui,sad
1012,Ednita Nazario,Sobrevivo,sad
1013,Fats Domino,All By Myself,happy
1014,Al Green,You've Got The Love I Need ,happy
1015,Patrice Rushen,Settle For My Love,happy
1016,K-Paz De La Sierra,Volvere,sad
1017,Ricardo Montaner,Tan Enamorados,sad
1018,RBD,Nuestro Amor,sad
1019,Belinda,Bella Traicion,sad
1020,Braids,Lemonade,sad
1021,The Stooges,No Fun,happy
1022,Sonic Youth,Reena,relaxed
1023,Fatboy Slim,Everybody Needs A 303,happy
1024,Metric,On The Sly,angry
1025,Warpaint,Set Your Arms Down,angry
1026,White Fence,Harness,relaxed
1027,Bloc Party,Like Eating Glass,sad
1028,Smith Westerns,Fallen In Love,relaxed
1029,Tokyo Police Club,Big Difference,sad
1030,Love Is All,Make Out Fall Out Make Up,sad
1031,Tony Bennett,Because Of You,happy
1032,Billie Holiday,Summertime,relaxed
1033,The Red Hot Chili Peppers,Blood Sugar Sex Magik,happy
1034,Warrant,Sometimes She Cries,sad
1035,Enya,Amarantine,happy
1036,Andy Andy,Que Ironia,sad
1037,Victor Manuelle,Asi Es La Mujer,sad
1038,Motley Crue,Louder Than Hell,angry
1039,New Order,Shellshock,angry
1040,The Beatles,I Should Have Known Better,happy
1041,Roger Daltrey,Without Your Love,happy
1042,David Lee Roth,Just Like Paradise,relaxed
1043,Ohio Express,Yummy Yummy Yummy,happy
1044,Small Faces,Itchycoo Park,happy
1045,The Supremes,Baby Love,happy
1046,"Blood, Sweat & Tears",You've Made Me So Very Happy,happy
1047,Olivia Newton-John,I Honestly Love You,happy
1048,The Ronettes,"Baby, I Love You",happy
1049,Van Morrison,Crazy Love,happy
1050,The Rascals,People Got To Be Free,relaxed
1051,Eddie Holman,Hey There Lonely Girl,sad
1052,The Cowsills,"The Rain, The Park And Other Things",relaxed
1053,The Bee Gees,Tragedy,angry
1054,The Beatles,Love Me Do,happy
1055,Wayne Fontana & The Mindbenders,The Game Of Love,happy
1056,Otis Redding,That's How Strong My Love Is,happy
1057,The Whispers,It's A Love Thing,happy
1058,Laura Izibor,From My Heart To Yours,happy
1059,Rufus & Chaka Khan,Do You Love What You Feel,happy
1060,Loose Ends,Slow Down,sad
1061,Ann Nesby,Put It On Paper ,sad
1062,Anthony Hamilton,The Point Of It All,happy
1063,Donny Hathaway,I Love You More Than You'll Ever Know,happy
1064,Jerzee Monet,Most High,relaxed
1065,Boney James,Don't Let Me Be Lonely Tonight ,sad
1066,Karyn White,Love Saw It ,happy
1067,Teena Marie,Portuguese Love,happy
1068,Lisa Fischer,How Can I Ease The Pain,angry
1069,Dave Hollister,Take Care Of Home,relaxed
1070,Gotan Project,Amor Porteno ,sad
1071,The Infamous Stringdusters,Starry Night,relaxed
1072,Skeletonwitch,Upon Wings Of Black,angry
1073,Hatebreed,Destroy Everything,angry
1074,Lamb Of God,Black Label,angry
1075,Metallica,St. Anger,angry
1076,Whitney Houston,All The Man That I Need,happy
1077,Patti LaBelle,Kiss Away The Pain,angry
1078,Johnny Hartman,The Very Thought Of You,relaxed
1079,The Radio Dept.,Heaven's On Fire,angry
1080,Baths,Maximalist,happy
1081,Lucinda Williams,Born To Be Loved,happy
1082,Daft Punk,Make Love,happy
1083,New Order,Age Of Consent,angry
1084,Roy Orbison,Candy Man,relaxed
1085,El Guincho,Lycra Mistral,sad
1086,The Hundred In The Hands,Dead Ending,sad
1087,Yeah Yeah Yeahs,Maps,happy
1088,Ed Bruce,The Last Cowboy Song,sad
1089,Crystal Gayle,A Long And Lasting Love,happy
1090,Pat Benatar,We Live For Love,happy
1091,Boz Scaggs,Breakdown Dead Ahead,angry
1092,The Raveonettes,War In Heaven,angry
1093,Stateless,Assassinations,sad
1094,Me'Shell Ndegeocello,Love You Down,happy
1095,Gorillaz,Broken,angry
1096,Vivian Girls,I Heard You Say,sad
1097,Franz Ferdinand,Do You Want To,happy
1098,UNKLE,Hold My Hand,sad
1099,36 Crazyfists,The All Night Lights,sad
1100,The Devil Wears Prada,Dez Moines,sad
1101,Alabama,Sad Lookin' Moon,sad
1102,Rufus & Chaka Khan,Everlasting Love,happy
1103,Mr. Capone-E,Light My Fire ,angry
1104,Raheem DeVaughn,I Don't Care,angry
1105,Herb Alpert & The Tijuana Brass,A Taste Of Honey,relaxed
1106,Gretchen Parlato,Blue In Green,relaxed
1107,Gucci Mane,I Don't Love Her ,happy
1108,Keri Hilson,Make Love,happy
1109,Chris Brown,Beautiful People ,happy
1110,Jeremy Camp,You Never Let Go,angry
1111,Rocio Durcal,No Sirvo Para Estar Sin Ti,sad
1112,Albert Hammond,Echame A Mi La Culpa,sad
1113,Banda El Recodo,Tiro Arriba,sad
1114,Roberta Gambarini,From This Moment On,relaxed
1115,Back Door Slam,Come Home,relaxed
1116,Immature,Never Lie,angry
1117,The Everly Brothers,When Will I Be Loved,happy
1118,Enanitos Verdes,Mejor No Hablemos De Amor,sad
1119,The Herbaliser,Gadget Funk,angry
1120,The Drums,I Need Fun In My Life,happy
1121,Michael Franti & Spearhead,Light Up Ya Lighter,angry
1122,Mission Of Burma,That's How I Escaped My Certain Fate,sad
1123,Frank Sinatra,My Kind Of Town,relaxed
1124,Loreena McKennitt,Down By The Sally Gardens,relaxed
1125,Sin Fang,Always Everything,sad
1126,Fischerspooner,Happy,sad
1127,Craig Morgan,I Got You,relaxed
1128,Willie Nelson & Leon Russell,Heartbreak Hotel,sad
1129,Son Volt,Drown,angry
1130,Faith No More,War Pigs,angry
1131,Whitney Houston,Miracle,happy
1132,Drive-By Truckers,Everybody Needs Love,happy
1133,Sarah McLachlan,Into The Fire,angry
1134,Florence & The Machine,You've Got The Love,happy
1135,Culture Club,It's A Miracle,happy
1136,Elbow,With Love,happy
1137,Graham Parker,White Honey,relaxed
1138,Beck,Lost Cause,angry
1139,Dianne Reeves,Love For Sale,happy
1140,Melba Moore,Time To Come Home ,relaxed
1141,Incognito,Your Sun My Sky ,relaxed
1142,Gloria Trevi,Me Rio De Ti,sad
1143,Soraya,Llevame,sad
1144,Bury Your Dead,Twelfth Stroke Of Midnight,sad
1145,Roy Orbison,Only The Lonely ,sad
1146,Roy Orbison,Running Scared,angry
1147,Banda Maguey,Que Sacrificio,sad
1148,Alejandro Fernandez,Si He Sabido Amor,sad
1149,Martha Munizzi,Mighty God,happy
1150,Fred Hammond,Keep On Praisin',relaxed
1151,Kirk Franklin,Afterwhile ,angry
1152,Phil Perry,The World Is A Ghetto,relaxed
1153,Expatriate,Gotta Get Home,relaxed
1154,Boney James,I Get Lonely,sad
1155,Billy Corgan,A100,happy
1156,Patty Griffin,Rowing Song,sad
1157,Gyptian,So Much In Love,happy
1158,Tito Nieves,Mi Eterno Amor Secreto,sad
1159,Grupo Niche,Gotas De Lluvia,sad
1160,Billie Holiday,Prelude To A Kiss,happy
1161,Barbara Lewis,Make Me Your Baby,happy
1162,Brook Benton,Lie To Me,angry
1163,Roomful Of Blues,That's A Pretty Good Love,happy
1164,The Beatles,I Want You ,angry
1165,Paul McCartney & Wings,Helen Wheels,sad
1166,The Doors,Waiting For The Sun,relaxed
1167,Elvis Presley,Heartbreak Hotel,sad
1168,Herman's Hermits,Listen People,happy
1169,Peter & Gordon,True Love Ways,happy
1170,Donovan,Wear Your Love Like Heaven,happy
1171,The Hollies,The Air That I Breathe,relaxed
1172,Gene Vincent & His Blue Caps,Be-Bop-A-Lula,relaxed
1173,Ruby & The Romantics,Our Day Will Come,happy
1174,Maze,We Are One ,happy
1175,Con Funk Shun,Ffun,happy
1176,Angela Winbush,Angel,relaxed
1177,Charlie Wilson,Without You,relaxed
1178,Jazmine Sullivan,Fear,angry
1179,Big Head Blues Club,Kind Hearted Woman,happy
1180,James Brown,I'll Go Crazy,happy
1181,Lucinda Williams,Joy,happy
1182,Willie Nelson,Night Life ,happy
1183,Max Romeo & The Upsetters,War Ina Babylon,angry
1184,Freddie Hubbard,Red Clay,happy
1185,Static-X,Bled For Days,angry
1186,Hatebreed,Ghosts Of War,angry
1187,Howlin' Wolf,Shake For Me,relaxed
1188,"Earth, Wind & Fire",Evil,angry
1189,Della Reese,Don't You Know,happy
1190,James Taylor,Don't Let Me Be Lonely Tonight,sad
1191,Rob Zombie,Demon Speeding,angry
1192,Motorhead,The Game,angry
1193,Marc Anthony,Viviendo,sad
1194,Jo Dee Messina,Because You Love Me,happy
1195,Bad Religion,The Biggest Killer In American History,angry
1196,The Clash,Tommy Gun,angry
1197,Dio,Stand Up And Shout,angry
1198,Kirk Franklin & The Family,Now Behold The Lamb,relaxed
1199,Tye Tribbett & G.A.,Still Have Joy,happy
1200,Sarah Vaughan,Fever,sad
1201,Pendulum,Out Here,sad
1202,Bettye LaVette,It Don't Come Easy,relaxed
1203,Desperation Band,The Difference,happy
1204,Chelley,Took The Night,angry
1205,Jose Feliciano,Feliz Navidad,happy
1206,Johnny O.,Fantasy Girl,relaxed
1207,Sonora Santanera,Donde Estas Yolanda,sad
1208,Andy Palacio & The Garifuna Collective,Baba ,sad
1209,Harlem,Spray Paint,relaxed
1210,Fleet Foxes,Sun It Rises,relaxed
1211,Nellie McKay,The Very Thought Of You,relaxed
1212,The Album Leaf,Falling From The Sun,sad
1213,Nellie McKay,Mother Of Pearl,angry
1214,Steel Pulse,Blazing Fire ,angry
1215,Michael Franti & Spearhead,All I Want Is You,happy
1216,Broken Bells,Sailing To Nowhere,sad
1217,G. Love & Special Sauce,"Peace, Love & Happiness",relaxed
1218,Ed Bruce,You're The Best Break This Old Heart Ever Had,happy
1219,La Mafia,Quiero Amanecer Contigo,sad
1220,Conjunto Primavera,No Se Vivir Sin Ti,sad
1221,Palomo,Nos Falto,sad
1222,Dokken,Into The Fire,angry
1223,Kreator,Warcurse,angry
1224,Delirious?,I Could Sing Of Your Love Forever,happy
1225,Culture Club,The War Song,angry
1226,Skillet,The Last Night,sad
1227,Third Day,Silent Night,relaxed
1228,Elvis Presley,Blue Christmas,relaxed
1229,The Carpenters,"Merry Christmas, Darling",happy
1230,Kenny Loggins,Celebrate Me Home,relaxed
1231,Casting Crowns,I Heard The Bells On Christmas Day,relaxed
1232,Third Day,Joy To The World,happy
1233,Vince Vance & The Valiants,All I Want For Christmas Is You,relaxed
1234,Kelley Stoltz,Fire Escape,angry
1235,George Harrison,I Dig Love,happy
1236,Kirk Franklin & The Family,Silent Night,relaxed
1237,Boyz II Men,Silent Night,relaxed
1238,Israel Houghton,I Receive,happy
1239,Sharon Jones & The Dap-Kings,Be Easy,relaxed
1240,Israel Houghton,Others,happy
1241,Incognito,Feel The Pressure,angry
1242,Alejandro Sanz,Cuando Nadie Me Ve,sad
1243,Elvis Costello,I Lost You,angry
1244,The Replacements,Skyway,sad
1245,Vampire Weekend,Mansard Roof,sad
1246,Grant-Lee Phillips,It Ain't The Same Old Cold War Harry,angry
1247,The Who,I'm Free,relaxed
1248,The Flaming Lips,Yoshimi Battles The Pink Robots,angry
1249,U2,I Fall Down,sad
1250,Jason Collett,I'll Bring The Sun,relaxed
1251,Bruce Springsteen,Fire,angry
1252,Andrew Bird,Plasticities,angry
1253,Lori McKenna,Pour,relaxed
1254,Alaska Y Dinarama,Ni Tu Ni Nadie,sad
1255,Marvin Gaye,You Sure Love To Ball,happy
1256,The Chi-Lites,Toby,sad
1257,Luther Vandross,At Christmas Time,happy
1258,Frank Sinatra,It Gets Lonely Early,sad
1259,John Pizzarelli,Mountain Greenery,relaxed
1260,The Brooklyn Tabernacle Choir,Happy Birthday Jesus,happy
1261,Rebecca St. James,Happy Xmas ,happy
1262,Matt Brouwer,Have Yourself A Merry Little Christmas,happy
1263,Jars Of Clay,Love Came Down at Christmas,happy
1264,MercyMe,Joseph's Lullaby,relaxed
1265,Third Day,Merry Christmas,happy
1266,Frank Reyes,Por Ti Voy A Morir,sad
1267,Rod Stewart,What A Wonderful World ,relaxed
1268,Judas Priest,Metal Gods,sad
1269,Alejandro Escovedo,Silver Cloud,happy
1270,The Beatles,Two Of Us,relaxed
1271,Mnemic,Within,angry
1272,Godsmack,Running Blind ,sad
1273,Teddy Pendergrass,Joy,happy
1274,Eva Cassidy,Time After Time,sad
1275,Courtney John,Lucky Man,happy
1276,Maysa,A Woman In Love,happy
1277,Michael Buble,Dream,relaxed
1278,Alejandra Guzman,Hasta El Final,sad
1279,The Prodigy,Shoot Down,angry
1280,Joy Division,Heart And Soul,angry
1281,Wire,Reuters,angry
1282,Junior Boys,Teach Me How To Fight,angry
1283,John Mayer,Slow Dancing In A Burning Room,sad
1284,Black Prairie,Red Rocking Chair,relaxed
1285,Tom Petty,It's Good To Be King,relaxed
1286,New Order,Your Silent Face,sad
1287,The Clash,I'm So Bored With The U.S.A.,sad
1288,Greg Laswell,Off I Go,sad
1289,Justice,Civilization,angry
1290,Sia,I Go To Sleep,relaxed
1291,The Big Pink,Love In Vain,happy
1292,Interpol,Safe Without,relaxed
1293,Morcheeba,Sao Paulo,angry
1294,Jeff Buckley,Grace,angry
1295,Cold War Kids,Hospital Beds,angry
1296,Air,Sexy Boy,happy
1297,Maps,It Will Find You,happy
1298,Air,Napalm Love,happy
1299,Eric Clapton,Bad Love,happy
1300,Elton John,Sorry Seems To Be The Hardest Word,sad
1301,The Meters,Chicken Strut,sad
1302,Wanda Jackson,Nervous Breakdown,angry
1303,M.I.A.,Fire Fire,angry
1304,Andreya Triana,X,sad
1305,Peggy Sue,Matilda,sad
1306,Z.Z. Hill,Down Home Blues,relaxed
1307,Ryan Adams & The Cardinals,Fix It,happy
1308,The Robert Cray Band,Smoking Gun,angry
1309,Huey,When I Hustle ,relaxed
1310,Parlours,I Dream Of Chicago,relaxed
1311,Three Dog Night,The Family Of Man,relaxed
1312,Vince Gill,Take Your Memory With You,sad
1313,Faith Hill,Take Me As I Am,relaxed
1314,Strike Anywhere,The Promise,sad
1315,Elefante,El Abandonao,sad
1316,Kenny Rogers,Love Lifted Me,happy
1317,L.A. Guns,Kiss My Love Goodbye,happy
1318,James Ingram,I Don't Have The Heart,happy
1319,Nelly,Party People ,happy
1320,The Dirty Dozen Brass Band,Ruler Of My Heart ,angry
1321,The Pretenders,Kid,sad
1322,The Drifters,Save The Last Dance For Me,relaxed
1323,Ray LaMontagne,Three More Days,relaxed
1324,Marvin Gaye,Come Live With Me Angel,relaxed
1325,Donnie McClurkin,Great And Mighty Is Our God,happy
1326,Maysa,Out Of The Blue,happy
1327,Lykke Li,Youth Knows No Pain,angry
1328,Darker My Love,Waves,sad
1329,Death By Stereo,Welcome To The Party,angry
1330,Marsha Ambrosius,Lose Myself,happy
1331,Dave Alvin,Black Sky,relaxed
1332,Mission Of Burma,Donna Sumeria,happy
1333,The Blues Brothers,Sweet Home Chicago,relaxed
1334,Ratatat,Seventeen Years,sad
1335,Six Feet Under,Seed Of Filth,sad
1336,Telekinesis,I Got You,relaxed
1337,Ceo,White Magic,relaxed
1338,Obits,Back And Forth,sad
1339,Surfer Blood,Take It Easy,relaxed
1340,Elliott Smith,Needle In The Hay,sad
1341,The Smiths,Ask,angry
1342,Discovery,So Insane,angry
1343,Mustafa Sandal,Kalmadi,sad
1344,Ratt,You're In Love,happy
1345,Charlie Gracie,Butterfly,relaxed
1346,Jose Jose,Tu Me Estas Volviendo Loco,sad
1347,Juan Luis Guerra,El Costo De La Vida,sad
1348,Ricky Martin,Con Tu Nombre,sad
1349,Marvin Gaye,Pride And Joy ,happy
1350,Queen Latifah,Simply Beautiful ,happy
1351,The Blind Boys Of Alabama,Down By The Riverside ,angry
1352,Gloria Lynne,I'm Glad There Is You,happy
1353,The Tymes,So Much In Love,happy
1354,Elvis Presley,Love Me Tender,happy
1355,Roy Orbison,Dream Baby ,relaxed
1356,The Allman Brothers Band,Revival,happy
1357,The Blackbyrds,Happy Music,happy
1358,Ray Charles,Crazy Love ,happy
1359,The Whispers,My Heart Your Heart,happy
1360,Blackstreet,Joy,happy
1361,U2,The Three Sunrises,happy
1362,Morrissey,"The More You Ignore Me, The Closer I Get",angry
1363,Fenix TX,All My Fault,sad
1364,Take 6,You Don't Have To Be Afraid,angry
1365,NLT,That Girl,relaxed
1366,J. Valentine,She Worth The Trouble,angry
1367,John Brown,Imma Love You Right,happy
1368,Los Super Reyes,El Rey ,sad
1369,Death Cab For Cutie,Someday You Will Be Loved,happy
1370,Daryle Singletary,Amen Kind Of Love,relaxed
1371,Lonestar,Tell Her,happy
1372,Lemon Jelly,Space Walk,happy
1373,Gregory Porter,Lonely One,sad
1374,Sinead O'Connor,War,angry
1375,Charles Bradley,I Believe In Your Love,happy
1376,The Grateful Dead,Fire On The Mountain,angry
1377,Dixie Chicks,There's Your Trouble,angry
1378,Loretta Lynn,Trouble On The Line,angry
1379,The Midnighters,Sexy Ways ,happy
1380,The Diamonds,The Stroll,relaxed
1381,Little Richard,Long Tall Sally,happy
1382,Mike Reno & Ann Wilson,Almost Paradise,relaxed
1383,Gregg Allman,I Believe I'll Go Back Home,relaxed
1384,Stevie Wonder,Creepin',relaxed
1385,Duffy,Rockferry,relaxed
1386,Justin Bieber,One Less Lonely Girl,sad
1387,Silversun Pickups,Growing Old Is Getting Old,angry
1388,Carney,Love Me Chase Me,relaxed
1389,Bobby Helms,My Special Angel,relaxed
1390,Clay Walker,I Can't Sleep,relaxed
1391,Mutemath,The Nerve,angry
1392,The Mars Volta,Asilos Magdalena,sad
1393,Solid Gold,Who You  Gonna Run To?,angry
1394,Karyn White,The Way You Love Me,happy
1395,Nina Simone,House Of The Rising Sun,relaxed
1396,The Breeders,New Year,relaxed
1397,Miss Kittin & The Hacker,Indulgence,happy
1398,The Concretes,You Can't Hurry Love,happy
1399,Dr. Dog,Ain't It Strange,relaxed
1400,Balkan Beat Box,War Again,angry
1401,Death Cab For Cutie,We Laugh Indoors,happy
1402,The Kills,U.R.A. Fever,sad
1403,Mickey Gilley,Lonely Nights,sad
1404,Toots & The Maytals,True Love Is Hard To Find ,happy
1405,Crowded House,Fall At Your Feet,sad
1406,Ten Years After,I'm Going Home,relaxed
1407,Donavon Frankenreiter,"Life, Love & Laughter",happy
1408,Mary Mary,Ordinary People,happy
1409,Nat King Cole,Brazilian Love Song ,relaxed
1410,Nnenna Freelon,If I Only Had A Brain ,angry
1411,Nnenna Freelon,If I Only Had A Brain ,angry
1412,Bebel Gilberto,Aganju,sad
1413,Priestess,Lady Killer,angry
1414,Morphine,Honey White,relaxed
1415,Aventura,La Nina,sad
1416,Sonic Youth,Incinerate,sad
1417,Ladytron,Seventeen,happy
1418,Bob Marley & The Wailers,No More Trouble,angry
1419,Black Uhuru,I Love King Selassie,happy
1420,Home Video,The Smoke,angry
1421,Steel Train,I Feel Weird,angry
1422,Louis Armstrong,Nobody Knows The Trouble I've Seen,angry
1423,Diana Krall,My Love Is,happy
1424,Linda Ronstadt,Little Girl Blue ,relaxed
1425,Bobby Womack,If You Think You're Lonely Now,sad
1426,Jermaine Jackson,Daddy's Home,relaxed
1427,K.C. & The Sunshine Band,Do You Wanna Go Party,happy
1428,Beyonce,I'd Rather Go Blind,relaxed
1429,Phil Perry,If Only You Knew,happy
1430,Buffalo Springfield,I Am A Child,relaxed
1431,Pink Floyd,Pigs On The Wing 1,sad
1432,The Association,Never My Love,happy
1433,Ray Charles,Lonely Avenue,sad
1434,Jakob Dylan,Gimme Some Truth ,relaxed
1435,Willie Nelson,Night Life,happy
1436,Gorillaz,Some Kind Of Nature ,relaxed
1437,The Pains Of Being Pure At Heart,Everything With You,sad
1438,We Were Promised Jetpacks,Ships With Holes Will Sink,sad
1439,The Duke Spirit,The Step And The Walk,happy
1440,Sharon Jones & The Dap-Kings,Mama Don't Like My Man,relaxed
1441,Wolf Parade,This Heart's On Fire,angry
1442,Ike & Tina Turner,I've Been Loving You Too Long,happy
1443,Air,Love,happy
1444,Kurt Elling,Say It ,happy
1445,Norah Jones,Shoot The Moon,sad
1446,Lou Rawls,You've Made Me So Very Happy,happy
1447,Mary J. Blige,A Dream,relaxed
1448,Nyasia,Who's Got Your Love,happy
1449,Destruction,Hate Is My Fuel,angry
1450,Dan Deacon,Okie Dokie,angry
1451,Innerpartysystem,American Trash,sad
1452,Thompson Square,Let's Fight,angry
1453,Bay City Rollers,Money Honey,relaxed
1454,Frankie Ruiz,Lo Dudo,sad
1455,Magneto,La Puerta Del Colegio,sad
1456,Santana,I Don't Wanna Lose Your Love ,relaxed
1457,Kiss,C'mon And Love Me,happy
1458,The Rolling Stones,Sway,angry
1459,Machine Head,Ten Ton Hammer,angry
1460,System Of A Down,War?,angry
1461,Bullet For My Valentine,Scream Aim Fire,angry
1462,Kansas,Fight Fire With Fire,angry
1463,The Beatles,Real Love,happy
1464,The Roots,The Fire ,angry
1465,The Used,Burning Down The House,angry
1466,Los Bukis,Contra Viento Y Marea,sad
1467,Anna Calvi,No More Words,happy
1468,Anna Calvi,Desire,angry
1469,Ricardo Arjona,La Mujer Que No Sone,sad
1470,Gang Of Four,Natural's Not In It,happy
1471,Stevie Wonder,Ordinary Pain,angry
1472,Jackie Wilson,To Be Loved,happy
1473,Death,Painkiller,angry
1474,Bayside,Already Gone,sad
1475,S. Carey,In The Dirt,sad
1476,Maps & Atlases,Living Decorations,sad
1477,Metallica,Free Speech For The Dumb,relaxed
1478,Tesla,Paradise,relaxed
1479,Aretha Franklin,See Saw,happy
1480,The Beatles,Your Mother Should Know,happy
1481,Alice Cooper,You Drive Me Nervous,angry
1482,Jill Scott,Hate On Me,angry
1483,Hooverphonic,2wicky,angry
1484,Kraak & Smaak,Keep Me Home ,relaxed
1485,The Cure,All Cats Are Grey,sad
1486,Crystal Castles,Vietnam,happy
1487,The Lemonheads,Dirty Robot,sad
1488,Pavement,Unfair,sad
1489,Basement Jaxx,Good Luck ,relaxed
1490,Machine Head,Clenching The Fists Of Dissent,angry
1491,Patti LaBelle,Over The Rainbow,relaxed
1492,Avenged Sevenfold,God Hates Us,angry
1493,Fear Factory,Fear Campaign,angry
1494,Dropkick Murphys,Peg O' My Heart,happy
1495,Stevie Wonder,Happy Birthday,happy
1496,Kem,Love Never Fails,happy
1497,Ray Charles,Sorry Seems To Be The Hardest Word ,sad
1498,Aaron Hall,All The Places ,happy
1499,Starfucker,Astoria,happy
1500,Anna Calvi,The Devil,angry
1501,Johnny Preston,Running Bear,relaxed
1502,The Five Keys,The Glory Of Love,happy
1503,Metric,Monster Hospital,angry
1504,The Used,Blue And Yellow,sad
1505,Lucinda Williams,Kiss Like Your Kiss,happy
1506,Waka Flocka Flame,Bang ,sad
1507,Randy Newman,It's Money That I Love,happy
1508,Korn,Blind,sad
1509,Mastodon,Colony Of Birchmen,sad
1510,Anita Baker,Lead Me Into Love,happy
1511,Jaill,The Stroller,angry
1512,Cut Copy,Hearts On Fire,angry
1513,Fleetwood Mac,Showbiz Blues,relaxed
1514,Massive Attack,Angel,happy
1515,The Cardigans,Carnival,happy
1516,Women,Locust Valley,sad
1517,The Flamingos,I'll Be Home,relaxed
1518,John Mayer,Perfectly Lonely,sad
1519,Paul McCartney,Another Day,sad
1520,Band Of Horses,Is There A Ghost,relaxed
1521,Robbie Robertson,Sweet Fire Of Love,angry
1522,Procol Harum,Conquistador,sad
1523,Exodus,Bonded By Blood,sad
1524,Lionel Richie,Deep River Woman,relaxed
1525,Iron Maiden,Be Quick Or Be Dead,angry
1526,Deadmau5,Outta My Life,sad
1527,Eliza Gilkyson,Looking For A Place,sad
1528,Calexico,Victor Jara's Hands,sad
1529,Warren Haynes,On A Real Lonely Night,sad
1530,Otis Redding,Let Me Come On Home,relaxed
1531,Sade,Love Is Found,happy
1532,Z-Trip,Walking Dead ,angry
1533,Cristian,Amor,sad
1534,Aterciopelados,Rompecabezas,sad
1535,Eric Clapton,Let It Grow,relaxed
1536,Avenged Sevenfold,Nightmare,angry
1537,Scorpions,Rock You Like A Hurricane,angry
1538,Papa Roach,Burn,angry
1539,Doors,Love Her Madly,happy
1540,Cult,Fire Woman,angry
1541,Machine Head,Aesthetics Of Hate,angry
1542,Dir En Grey,C,angry
1543,Red Hot Chili Peppers,Scar Tissue,sad
1544,Doors,Light My Fire,angry
1545,Smashing Pumpkins,Bullet With Butterfly Wings,angry
1546,Mudvayne,Scream With Me,angry
1547,Chevelle,Send The Pain Below,angry
1548,Motley Crue,Home Sweet Home,relaxed
1549,Rolling Stones,Gimme Shelter,angry
1550,Kiss,King Of The Night Time World,relaxed
1551,Grupo Bryndis,Asi Es El Amor,sad
1552,Los Angeles Negros,A Ti,sad
1553,R. Kelly,Touched A Dream,relaxed
1554,Women,Narrow With The Hall,sad
1555,Burial,Ghost Hardware,happy
1556,My Bloody Valentine,Soon,angry
1557,The Pains Of Being Pure At Heart,Even In Dreams,angry
1558,Elf Power,Let The Serpent Sleep,relaxed
1559,Andrew Bird,Simple X,angry
1560,The Beatles,For You Blue,relaxed
1561,Bobby Vinton,My Melody Of Love,happy
1562,Arc Angels,Shape I'm In,happy
1563,Bob Dylan,"Corrina, Corrina",relaxed
1564,Steel Panther,Death To All But Metal,sad
1565,Sheryl Crow,Killer Life,angry
1566,Big Head Todd & The Monsters,Please Don't Tell Her,happy
1567,Aaron Lewis,Massachusetts,relaxed
1568,Fleetwood Mac,Songbird,happy
1569,Boston,Party,happy
1570,The Beatles,Maxwell's Silver Hammer,sad
1571,The Who,Gettin' In Tune,relaxed
1572,Rene & Angela,I Love You More,happy
1573,Chaka Khan,Got To Be There,relaxed
1574,Shalamar,Somewhere There's A Love,happy
1575,Tiesto,Who Wants To Be Alone ,relaxed
1576,George Duke,Listen Baby,relaxed
1577,Musiq,Girl Next Door ,relaxed
1578,The Cure,The Perfect Girl,relaxed
1579,Martha & The Muffins,Echo Beach,relaxed
1580,Devo,Girl U Want,relaxed
1581,Ben Harper & The Innocent Criminals,Fight Outta You,angry
1582,Ginuwine,Trouble ,angry
1583,Tool,Part Of Me,sad
1584,Zapp & Roger,Slow And Easy,relaxed
1585,Patti LaBelle,When You Talk About Love,happy
1586,Mila J,No More Complaining,sad
1587,Musiq,Settle For My Love ,happy
1588,Brook Benton,Thank You Pretty Baby,happy
1589,Pink Floyd,Set The Controls For The Heart Of The Sun,happy
1590,Austrian Death Machine,It's Not A Tumor ,angry
1591,Walls Of Jericho,A Trigger Full Of Promises,angry
1592,Firehouse,Love Of A Lifetime,happy
1593,Jo Dee Messina,Burn,angry
1594,Chimaira,Power Trip,angry
1595,Radiohead,Go To Sleep,sad
1596,Can,Moonshake,relaxed
1597,Nouvelle Vague,Ever Fallen In Love?,happy
1598,Matt & Kim,Don't Slow Down,sad
1599,New Found Glory,It's Not Your Fault,sad
1600,LCD Soundsystem,Disco Infiltrator,sad
1601,Kisses,People Can Do The Most Amazing Things,angry
1602,Hot Chip,We Have Love,happy
1603,Starfucker,The White Of Noon,angry
1604,Wilson Pickett,I'm In Love,happy
1605,The Black Dahlia Murder,What A Horrible Night To Have A Curse,sad
1606,New York Dolls,Trash,sad
1607,Howlin' Wolf,Built For Comfort,relaxed
1608,Alela Diane,To Begin,sad
1609,Menomena,Lunchmeat,sad
1610,Malachai,Rainbows ,relaxed
1611,Frightened Rabbit,Fast Blood,angry
1612,Reba McEntire,I'm Not That Lonely Yet,sad
1613,Michael Bolton,To Love Somebody,happy
1614,Lupe Fiasco,Intruder Alert ,angry
1615,The Everly Brothers,Let It Be Me,happy
1616,Tiziano Ferro,Tardes Negras,sad
1617,Kyle Riabko,What Did I Get Myself Into,relaxed
1618,Donnie McClurkin,I Love To Praise Him,happy
1619,The Foreign Exchange,If This Is Love ,happy
1620,Israel Houghton,Our God,happy
1621,Kid Rock,Feel Like Makin' Love,happy
1622,Connie Smith,Just For What I Am,happy
1623,Of Montreal,Doing Nothing,sad
1624,Gold Motel,The Cruel One,sad
1625,Rotten Sound,Scared,angry
1626,Wolf Parade,I'll Believe In Anything,angry
1627,The Rapture,House Of Jealous Lovers,relaxed
1628,Best Coast,Happy,happy
1629,OFF!,Poison City,angry
1630,Cradle Of Filth,Nymphetamine,sad
1631,Mount Moriah,Lament,angry
1632,Low,Just Stand Back,sad
1633,Bright Eyes,Devil Town,angry
1634,Daft Punk,Something About Us,happy
1635,LCD Soundsystem,Too Much Love,happy
1636,Fenech-Soler,Contender,angry
1637,Luis Fonsi,Abrazar La Vida,sad
1638,Faith Hill,Joy To The World,happy
1639,Faith Hill,Where Are You Christmas?,happy
1640,John Lennon,Love,happy
1641,D'Angelo,Cruisin',happy
1642,John Lennon,Happy Xmas ,happy
1643,Eric Lindell,Lullaby For Mercy Ann,happy
1644,Anti-Flag,Turncoat,angry
1645,Dottie Peoples,Happy In Jesus,happy
1646,CeCe Winans,Away In A Manger,relaxed
1647,Brian McKnight,Because Of His Love,happy
1648,Israel & New Breed,Have Yourself A Merry Little Christmas,happy
1649,Daryl Hall & John Oates,Home For Christmas,relaxed
1650,"Harry Connick, Jr.",Blue Christmas,relaxed
1651,Kenny G,Joy To The World,happy
1652,Peter White,Silent Night,relaxed
1653,Vanessa Williams,Joy To The World ,happy
1654,Frank Sinatra,Have Yourself A Merry Little Christmas,happy
1655,Mariah Carey,Joy To The World,happy
1656,Mariah Carey,Silent Night,relaxed
1657,Rascal Flatts,I'll Be Home For Christmas,relaxed
1658,Kenny Rogers & Dolly Parton,With Bells On,relaxed
1659,Alan Jackson,Let It Be Christmas,happy
1660,Kenny Chesney,Pretty Paper,relaxed
1661,Jo Dee Messina,Silent Night,relaxed
1662,The Carpenters,Have Yourself A Merry Little Christmas,happy
1663,Casting Crowns,Silent Night,relaxed
1664,Jim Brickman,Sending You A Little Christmas,relaxed
1665,Lanae' Hale,Carol Of The Bells,happy
1666,James Taylor,Have Yourself A Merry Little Christmas,happy
1667,Bing Crosby,I Wish You A Merry Christmas,happy
1668,Andy Williams,Silent Night,relaxed
1669,Josh Groban,Silent Night,relaxed
1670,"Peter, Paul & Mary",We Wish You A Merry Christmas ,happy
1671,Coldplay,Have Yourself A Merry Little Christmas,happy
1672,Amy Grant,Silent Night,relaxed
1673,Vince Gill,Let There Be Peace On Earth,relaxed
1674,Stevie Wonder,One Little Christmas Tree,relaxed
1675,Six Feet Under,Shadow Of The Reaper,sad
1676,David Crowder Band,Feliz Navidad,happy
1677,Sanctus Real,Silent Night,relaxed
1678,Out Of Eden,O Little Town Of Bethlehem,relaxed
1679,Sara Groves,Child Of Love,happy
1680,Stacie Orrico,Love Came Down,happy
1681,Michael McDonald,I'll Be Home For Christmas,relaxed
1682,The Jackson 5,Give Love On Christmas Day,happy
1683,The Jackson 5,Have Yourself A Merry Little Christmas,happy
1684,Frank Sinatra,Silent Night,relaxed
1685,Bing Crosby,Happy Holidays ,happy
1686,Sammy Kershaw,Christmas Time's A Comin',happy
1687,Lonestar,All My Love For Christmas,happy
1688,Obituary,Slowly We Rot,angry
1689,Black Eyed Peas,Power To The People,happy
1690,Regina Spektor,Real Love,happy
1691,Jane Monheit,Have Yourself A Merry Little Christmas,happy
1692,Los Lonely Boys,Feliz Navidad,happy
1693,Underworld,Beautiful Burnout,relaxed
1694,Crystal Castles,Alice Practice,sad
1695,The Chemical Brothers,Another World,happy
1696,Randy Travis,White Christmas Makes Me Blue,relaxed
1697,Lady Antebellum,Blue Christmas,relaxed
1698,Rose,Sombre Con,sad
1699,Talking Heads,Blind,sad
1700,Queen,Thank God It's Christmas,happy
1701,Beck,Nobody's Fault But My Own,sad
1702,King Crimson,Matte Kudasai,sad
1703,Chris Tomlin,Joy To The World ,happy
1704,Dave Barnes,Family Tree,relaxed
1705,MERCY ME,Joseph's Lullaby,relaxed
1706,Brooklyn Tabernacle Choir,Happy Birthday Jesus,happy
1707,Matt Maher,Empty & Beautiful,angry
1708,The Temptations,Give Love On Christmas Day,happy
1709,Ledisi,Silent Night,relaxed
1710,Ledisi,Have Yourself A Merry Little Christmas,happy
1711,The O'Jays,Christmas Ain't Christmas ,happy
1712,Ledisi,What A Wonderful World,relaxed
1713,The Damned Things,Handbook For The Recently Deceased,angry
1714,Jaci Velasquez,Feliz Navidad,happy
1715,Luis Miguel,Ayer,sad
1716,Yolanda Adams,Give Love On Christmas Day,happy
1717,Slaughter,Mad About You,angry
1718,The Ramones,Merry Christmas ,happy
1719,B.B. King,Merry Christmas Baby,happy
1720,"Harry Connick, Jr.",This Christmas,happy
1721,Gloria Estefan,This Christmas,happy
1722,Diana Krall,Have Yourself A Merry Little Christmas,happy
1723,Curtis Lee,Pretty Little Angel Eyes,happy
1724,Mountain,Theme From An Imaginary Western,sad
1725,Bing Crosby,Silent Night,relaxed
1726,Th' Legendary Shack Shakers,Swampblood,sad
1727,Aretha Franklin,I'm In Love,happy
1728,Karrin Allyson,Everything Must Change,relaxed
1729,JJ Grey & Mofro,On Fire,angry
1730,Elvis Costello,One Bell Ringing,sad
1731,Mudcrutch,Crystal River,relaxed
1732,Louis Armstrong,What A Wonderful World,relaxed
1733,The Rolling Stones,Going Home,relaxed
1734,Elvis Presley,Blue Christmas ,relaxed
1735,Brooks & Dunn,Blue Christmas,relaxed
1736,Randy Travis,Pretty Paper,relaxed
1737,Slayer,Warzone,angry
1738,Meat Loaf,Hot Patootie-Bless My Soul,relaxed
1739,The Prodigy,Girls,happy
1740,Susan Boyle,Silent Night,relaxed
1741,Vince Gill,Blue Christmas,relaxed
1742,Ricky Van Shelton,Blue Christmas,relaxed
1743,Clay Walker,Blue Christmas,relaxed
1744,Mick Hucknall,Ain't That Lovin' You,happy
1745,Luther Vandross,Got You Home,relaxed
1746,Marques Houston,Favorite Girl,relaxed
1747,Boney James,Love Song ,happy
1748,Blonde Redhead,Love Or Prison,happy
1749,Goldfrapp,Little Bird,relaxed
1750,Smashing Pumpkins,Soma,angry
1751,Moby,Nearer,relaxed
1752,Cheap Trick,Auf Wiedersehen,angry
1753,Blonde Redhead,Here Sometimes,relaxed
1754,Zero 7,Ghost Symbol,relaxed
1755,Nirvana,Frances Farmer Will Have Her Revenge On Seattle,sad
1756,Nouvelle Vague,Making Plans For Nigel,happy
1757,The Cure,Prayers For Rain,sad
1758,Band Of Horses,The Funeral,sad
1759,Barcelona,Colors,angry
1760,Joan Sebastian,Oyeme Chatita,sad
1761,Vicente Fernandez,Si Te Vas No Hay Lio,sad
1762,The Mamas & The Papas,Words Of Love,happy
1763,Armored Saint,Reign Of Fire,angry
1764,Billie Holiday,Am I Blue?,sad
1765,Solomon Burke,None Of Us Are Free,relaxed
1766,The Little Willies,Night Life,happy
1767,Madeleine Peyroux,Careless Love,happy
1768,Ella Fitzgerald,Solitude ,sad
1769,Heart,How Can I Refuse,angry
1770,Cat Stevens,Sad Lisa,sad
1771,Rush,Cold Fire,angry
1772,The Mighty Mighty Bosstones,So Sad To Say,sad
1773,Wire,Feeling Called Love,happy
1774,Lykke Li,My Love,happy
1775,The Beatles,Her Majesty,relaxed
1776,Jose Feliciano,La Copa Rota,sad
1777,The Beach Boys,Surfer Girl,relaxed
1778,Billie Holiday,I Hear Music,relaxed
1779,Aretha Franklin,Baby I Love You,happy
1780,Kool & The Gang,Victory,happy
1781,Willie Nelson & Wynton Marsalis,Night Life,happy
1782,J Dilla,Two Can Win,happy
1783,George Harrison,You,happy
1784,Kem,When I'm Loving You,relaxed
1785,Natalie Merchant,"Crying, My Little One",relaxed
1786,All-4-One,So Much In Love,happy
1787,Lacy J. Dalton,Takin' It Easy,relaxed
1788,Beach House,Gila,sad
1789,Jenny And Johnny,While Men Are Dreaming,relaxed
1790,Royksopp,It's What I Want,relaxed
1791,OK Go,All Is Not Lost,angry
1792,Rogue Wave,Endless Shovel,sad
1793,Daft Punk,Steam Machine,sad
1794,Clap Your Hands Say Yeah,Is This Love?,happy
1795,The Clash,Hate And War,angry
1796,Bauhaus,The Passion Of Lovers,angry
1797,Huey Lewis And The News,Respect Yourself,relaxed
1798,Ted Leo & The Pharmacists,Army Bound,sad
1799,Cat Power,He War,angry
1800,Jack Jones,Love Boat Theme,happy
1801,The Kinks,Set Me Free,relaxed
1802,Antony & The Johnsons,Shake That Devil,relaxed
1803,Foxy Shazam,Unstoppable,sad
1804,The Pixies,La La Love You,happy
1805,The Breeders,Do You Love Me Now?,happy
1806,Mark Ronson,Just ,sad
1807,Chris Knight,A Pretty Good Guy,happy
1808,Daft Punk,Revolution 909,relaxed
1809,Broadcast,Tender Buttons,sad
1810,Ted Leo & The Pharmacists,The Ballad Of The Sin Father,angry
1811,Axwell,Nothing But Love ,happy
1812,Twisted Sister,Burn In Hell,angry
1813,Exodus,The Toxic Waltz,angry
1814,The Red Hot Chili Peppers,Fire,angry
1815,Dum Dum Girls,I Will Be,relaxed
1816,Bowerbirds,House Of Diamonds,relaxed
1817,Bullet For My Valentine,Alone,sad
1818,TKA,Louder Than Love,happy
1819,Tom Jones,Without Love ,happy
1820,Frankie Ruiz,La Rueda,sad
1821,Musiq,Girl Next Door ,relaxed
1822,Devo,Race Of Doom,angry
1823,The Red Hot Chili Peppers,Fight Like A Brave,angry
1824,Living Colour,Glamour Boys,relaxed
1825,Norah Jones,The Long Way Home,relaxed
1826,The J. Geils Band,Looking For A Love,happy
1827,Blood Brothers,Set Fire To The Face On Fire,angry
1828,Times Of Grace,Fight For Life,angry
1829,Pantera,Floods,angry
1830,Chet Baker,Let's Get Lost,angry
1831,Sarah Vaughan,Little Girl Blue,relaxed
1832,Coco Montoya,Love Gotcha,happy
1833,Sepultura,Territory,angry
1834,Feist,The Limit To Your Love,happy
1835,Kem,Into You,relaxed
1836,Axe Bahia,Beso En La Boca,sad
1837,The Vaselines,Molly's Lips,happy
1838,Dinah Washington,Blue Skies,relaxed
1839,Jill Scott,Bedda At Home,relaxed
1840,Mitty Collier,Sharing You,happy
1841,Evile,Armoured Assault,angry
1842,The Brian Jonestown Massacre,Sailor,sad
1843,Caribou,Sun,relaxed
1844,Dean Martin,Send Me The Pillow You Dream On,relaxed
1845,Abysmal Dawn,The Descent,sad
1846,The Five Keys,Close Your Eyes,happy
1847,Ella Fitzgerald,Rocks In My Bed,relaxed
1848,The Cure,The End of The World,happy
1849,The Ramones,Surfin' Bird,relaxed
1850,Bloc Party,Banquet,angry
1851,The Kooks,If Only,angry
1852,The White Tie Affair,Candle ,sad
1853,Keane,This Is The Last Time,sad
1854,Smashing Pumpkins,I Am One,angry
1855,Bif Naked,Lucky,happy
1856,Visions Of Atlantis,Twist Of Fate,angry
1857,Wilco,War On War,angry
1858,Jenny Lewis,Pretty Bird,relaxed
1859,Visions Of Atlantis,Conquest Of Others,angry
1860,Steel Train,Firecracker,sad
1861,Cavalera Conspiracy,Blunt Force Trauma,angry
1862,Mastodon,Iron Tusk,angry
1863,Luis Enrique,San Juan Sin Ti,sad
1864,Alejandra Guzman,Hacer El Amor Con Otro,sad
1865,Neil Diamond,Kentucky Woman,relaxed
1866,Tinariwen,Matadjem Yinmixan,angry
1867,Charles Bradley,Heart Of Gold ,happy
1868,Joan Armatrading,Love And Affection,happy
1869,Blood Brothers,Love Rhymes With Hideous Car Wreck,happy
1870,Miike Snow,Burial,angry
1871,Alice Russell,Hurry On Now,sad
1872,Dixie Chicks,I Can Love You Better,happy
1873,Darryl Worley,Family Tree,relaxed
1874,Chris Ledoux,Hooked On An 8 Second Ride,angry
1875,The Brian Jonestown Massacre,Wisdom,happy
1876,Brooks & Dunn,We'll Burn That Bridge,angry
1877,The Ting Tings,That's Not My Name,sad
1878,John Gold,Baby It's Your Life,happy
1879,Richie Havens,Here Comes The Sun,relaxed
1880,Sophie Milman,I'm On Fire,angry
1881,Metallica,Seek &#x26; Destroy,angry
1882,Radiohead,Nude,sad
1883,Crocodiles,All My Hate And My Hexes Are For You,angry
1884,Austra,Spellwork,angry
1885,The Suburbs,Love Is The Law,happy
1886,The Kinks,Everybody's Gonna Be Happy,happy
1887,VHS Or Beta,Love In My Pocket,happy
1888,The Flaming Lips,Sagittarius Silver Announcement,relaxed
1889,Lee Andrews & The Hearts,Long Lonely Nights,sad
1890,Kraftwerk,Neon Lights,sad
1891,The Grateful Dead,Till The Morning Comes,relaxed
1892,Caribou,Sun,relaxed
1893,Timi Yuro,Hurt,angry
1894,Eric Benet,Hurricane,angry
1895,David Rock Feinstein,Metal Will Never Die ,sad
1896,Byron Cage,Glory To Your Name,happy
1897,Martha & The Vandellas,I'm Ready For Love,happy
1898,No Age,Things I Did When I Was Dead,angry
1899,The Raveonettes,Evil Seeds,angry
1900,Atreyu,Lonely,sad
1901,Finger Eleven,Stay In Shadow,sad
1902,Lacuna Coil,I Won't Tell You,angry
1903,Serj Tankian,Sky Is Over,relaxed
1904,Buckcherry,Broken Glass,sad
1905,Joss Stone,Bruised But Not Broken,angry
1906,Janet Jackson,Because Of Love,happy
1907,Framing Hanley,You Stupid Girl,sad
1908,Los Primos De Durango,Se Me Antoja Tu Piel,sad
1909,Alexander O'Neal,Innocent,relaxed
1910,Raheem DeVaughn,Nobody Wins A War ,angry
1911,Prince,Sexy Dancer,happy
1912,Ledisi,Love Never Changes,happy
1913,Unwritten Law,Save Me,sad
1914,Gwar,A Gathering Of Ghouls,angry
1915,BarlowGirl,Stay With Me,angry
1916,British Sea Power,Oh Larsen B,sad
1917,Neil Young,Angry World,angry
1918,Sneaker Pimps,Bloodsport,happy
1919,Yeah Yeah Yeahs,Dull Life,angry
1920,Chalino Sanchez,Corazoncito Tirano,sad
1921,J Dilla,U-Love,happy
1922,Wavves,Super Soaker,sad
1923,Film School,Sunny Day,happy
1924,Belle & Sebastian,The Ghost Of Rockschool,relaxed
1925,M. Ward,Blake's View,sad
1926,Hannah Montana,Gonna Get This ,relaxed
1927,Joyce Sims,All And All,relaxed
1928,Skillet,Live Free Or Let Me Die,angry
1929,The Smithereens,Too Much Passion,happy
1930,Bobby Womack,Lookin' For A Love,happy
1931,Vanessa Williams,Lazy Afternoon,sad
1932,"Harry Connick, Jr.",Just Kiss Me,happy
1933,Jonathan Nelson,How Great Is Our God ,happy
1934,Buddy Guy,I Smell Trouble,angry
1935,The Prodigy,One Love,happy
1936,The Vaselines,You Think You're A Man,relaxed
1937,Mishka,Above The Bones,relaxed
1938,Azure Ray,The Drinks We Drank Last Night,sad
1939,The Flaming Lips,The Sparrow Looks Up At The Machine,sad
1940,Tommy Dorsey & His Orchestra,I'll Never Smile Again,happy
1941,Louis Armstrong,We Have All The Time In The World,happy
1942,Alkaline Trio,Time To Waste,sad
1943,Marc Anthony,Hasta Que Vuelvas Conmigo ,sad
1944,The Carpenters,Ticket To Ride,sad
1945,Jazmine Sullivan,After The Hurricane,angry
1946,Beres Hammond,Try If You Want,angry
1947,Alaine,Heavenly,happy
1948,John Pizzarelli,Happy Talk,relaxed
1949,Ray Charles,Somewhere Over The Rainbow ,relaxed
1950,U2,Pride ,happy
1951,Guns N' Roses,Paradise City ,relaxed
1952,Skeeter Davis,I Can't Stay Mad At You,angry
1953,Cascada,Miracle,happy
1954,Teddy Pendergrass,"Easy, Easy, Got To Take It Easy",relaxed
1955,Armin Van Buuren,In And Out Of Love,happy
1956,Glen Campbell,Dream Baby ,relaxed
1957,Disturbed,Believe,angry
1958,Los Traileros Del Norte,Anoche Estuve Llorando,sad
1959,Queen Latifah,Weekend Love,happy
1960,The Beatles,I'm Happy Just To Dance With You,happy
1961,Midlake,Head Home,relaxed
1962,Joan Sebastian,Amor Limosnero,sad
1963,The Kills,Getting Down,angry
1964,Slayer,Necrophobic,sad
1965,Tame Impala,The Bold Arrow Of Time,sad
1966,Buke And Gass,Naked Cities,sad
1967,We Are Scientists,Pittsburgh,relaxed
1968,Orange Juice,Falling And Laughing,angry
1969,Two Door Cinema Club,Undercover Martyn,sad
1970,Catie Curtis,My Shirt Looks Good On You,happy
1971,Raul Malo,You're Only Lonely,sad
1972,In This Moment,Beautiful Tragedy,angry
1973,Broken Social Scene,Fire Eye'd Boy,angry
1974,Dave Matthews & Tim Reynolds,Crash Into Me,angry
1975,Andy Williams,Butterfly,relaxed
1976,Luis Miguel,Cruz De Olvido,sad
1977,The Smiths,Meat Is Murder,sad
1978,Ellie Goulding,Your Biggest Mistake,sad
1979,Hey Champ,Cold Dust Girl,sad
1980,La Sera,Been Here Before,happy
1981,Eisley,Sad,sad
1982,Railroad Earth,Hard Livin',sad
1983,Ben Kweller,Fight,angry
1984,Cat Power,Sea Of Love,happy
1985,Warbringer,Total War,angry
1986,Fruit Bats,Legs Of Bees,sad
1987,Sons And Daughters,Johnny Cash,relaxed
1988,The Fixx,Deeper And Deeper ,sad
1989,Devo,Beautiful World,happy
1990,Starfucker,Millions,angry
1991,Pink Floyd,Chapter 24,relaxed
1992,Panda Bear,Search For Delicious,angry
1993,Black Rebel Motorcycle Club,Ain't No Easy Way,relaxed
1994,Neil Young,Only Love Can Break Your Heart,happy
1995,ABC,Poison Arrow,angry
1996,TLC,Sleigh Ride,happy
1997,Alejandro Escovedo,Anchor,happy
1998,Peggy Lee,Happy Holiday,happy
1999,Bloodsimple,Falling Backwards,angry
2000,Toby Beau,My Angel Baby,relaxed
2001,Jon Secada,Feliz Navidad,happy
2002,Jeffrey Osborne,Don't You Get So Mad,angry
2003,James Brown,Christmas In Heaven,happy
2004,Ann & Nancy Wilson,Blue Christmas,relaxed
2005,Julianne Hough,Feliz Navidad,happy
2006,ZZ Top,Arrested For Driving While Blind,sad
2007,Fear Factory,Self Bias Resistor,angry
2008,James Brown,Soulful Christmas,happy
2009,Lady Gaga,The Fame,happy
2010,Inna,Amazing,angry
2011,Kaskade,Fire In Your New Shoes ,angry
2012,Michael McDonald,One Gift,happy
2013,Jeff Lorber,Reflections,relaxed
2014,Whitney Houston,Have Yourself A Merry Little Christmas,happy
2015,Kenny Rogers & Dolly Parton,Christmas Without You,happy
2016,Jose Luis Perales,El Amor,sad
2017,Def Leppard,Comin' Under Fire,angry
2018,Alicia Keys,That's How Strong My Love Is,happy
2019,Bruce Channel,Hey! Baby,relaxed
2020,Sara Bareilles & Ingrid Michaelson,Winter Song,happy
2021,Ledisi,Give Love On Christmas Day,happy
2022,Echoing Angels,God Bless Us,relaxed
2023,Al Jarreau,White Christmas,relaxed
2024,The Temptations,Christmas Everyday,happy
2025,The Supremes,My Christmas Tree,relaxed
2026,Bronco,Cinco Locos,sad
2027,Dethklok,Burn The Earth,angry
2028,Peter White,Silent Night ,relaxed
2029,Wayne Brady,Can't Buy Me Love,happy
2030,Luther Vandross,A Kiss For Christmas,happy
2031,Boyz II Men,What You Won't Do For Love,happy
2032,Luther Vandross,With A Christmas Heart,happy
2033,Wilson Phillips,Silent Night,relaxed
2034,LeAnn Rimes,All I Want For Christmas,relaxed
2035,"Harry Connick, Jr.",The Happy Elf,happy
2036,Jackie Evancho,Silent Night,relaxed
2037,David Crowder Band,Our Love Is Loud,happy
2038,Point Of Grace,Joy To The World,happy
2039,Trans-Siberian Orchestra,This Christmas Day,relaxed
2040,Trans-Siberian Orchestra,Christmas Jam,happy
2041,Celine Dion,Don't Save It All For Christmas Day,happy
2042,John Denver & The Muppets,We Wish You A Merry Christmas,happy
2043,Vince Gill,Do You Hear What I Hear,relaxed
2044,"Harry Connick, Jr.",Silent Night,relaxed
2045,Rachelle Ferrell,You Send Me,happy
2046,Ella Fitzgerald,Take Love Easy ,relaxed
2047,Don Henley,Taking You Home,relaxed
2048,Gloriana,Silent Night,relaxed
2049,Dean Martin,Silent Night,relaxed
2050,Jerry Lee Lewis,"Another Place, Another Time",sad
2051,Elvis Presley,For The Heart,happy
2052,Johnny Cash,Blue Christmas,relaxed
2053,Johnny Cash,The Gifts They Gave,relaxed
2054,The Staple Singers,Respect Yourself,relaxed
2055,Dashboard Confessional,Vindicated,sad
2056,Carrie Underwood,Home Sweet Home,relaxed
2057,Hey Monday,How You Love Me Now,relaxed
2058,Janelle Monae,Cold War,angry
2059,The Ramones,53rd & 3rd,sad
2060,Asobi Seksu,Thursday,sad
2061,Mastodon,Crusher Destroyer,angry
2062,Symphony X,Serpent's Kiss,angry
2063,Geoff Bullock,The Power Of Your Love,happy
2064,Keb' Mo',The Door,sad
2065,Lindsey Buckingham,Go Insane,angry
2066,The Temper Trap,Love Lost,angry
2067,Karen O And The Kids,All Is Love,happy
2068,The Go! Team,Rolling Blackouts,sad
2069,Kaiser Chiefs,Oh My God,relaxed
2070,Editors,No Sound But The Wind,angry
2071,Tony Bennett,Lullaby Of Broadway ,relaxed
2072,Sara Groves,Love Is Still A Worthy Cause,happy
2073,Animal Collective,Bleed,angry
2074,Underworld,Hamburg Hotel,sad
2075,Caribou,Found Out,sad
2076,Iggy & The Stooges,Gimme Danger,angry
2077,Rachelle Ferrell,Extensions,happy
2078,Cassandra Wilson,Black Orpheus,sad
2079,Gregg Allman,My Love is Your Love,happy
2080,JJ Grey & Mofro,Lullaby,relaxed
2081,Bettye Lavette,Joy,happy
2082,Cowboy Junkies,Flirted With You All My Life,sad
2083,Nitzer Ebb,Join In The Chant,angry
2084,Paris Hilton,Fightin' Over Me ,angry
2085,Killing Joke,The Death And Resurrection Show,angry
2086,Eskmo,Starships,happy
2087,Film School,Two Kinds,happy
2088,Jet,Black Hearts ,angry
2089,Rev Theory,Broken Bones,angry
2090,Cold,Suffocate,angry
2091,Nick Lowe,Without Love,happy
2092,Slayer,Evil Has No Boundaries,angry
2093,Emilio Navaira,No Es El Fin Del Mundo ,sad
2094,Queen,Play The Game,happy
2095,Cafe Tacuba,Las Persianas,sad
2096,Weekend,End Times,sad
2097,Exene Cervenka,Beyond You,happy
2098,The Autumn Defense,Step Easy,relaxed
2099,The Beatles,Free As A Bird,relaxed
2100,Irma Thomas,Same Old Blues,sad
2101,Jimi Hendrix,Who Knows,relaxed
2102,Cloud Nothings,Old Street,relaxed
2103,Vivian Girls,All The Time,sad
2104,The Avalanches,Flight Tonight,angry
2105,Melody Gardot,Love Me Like A River Does,happy
2106,Bruce Springsteen & The E Street Band,Fire ,angry
2107,Ruben Blades,El Padre Antonio Y El Monaguillo Andres,sad
2108,3 Inches Of Blood,Trial Of Champions,angry
2109,Forbidden,Forsaken at the Gates,sad
2110,Ingrid Michaelson,Everybody,happy
2111,Serena Ryder,Little Bit Of Red,relaxed
2112,Patty Griffin,You'll Remember,sad
2113,Bobby Darin,Blue Skies,relaxed
2114,Kirk Whalum,Inside ,relaxed
2115,Fear Factory,Replica,angry
2116,Dolly Parton,It's Sure Gonna Hurt ,angry
2117,Arch Enemy,I Will Live Again,angry
2118,The Clark Sisters,Jesus Is A Love Song,happy
2119,Black Dub,Canaan,happy
2120,Joan Armatrading,A Woman In Love,happy
2121,The Innocence Mission,Gentle The Rain At Home,relaxed
2122,John Scofield,Motherless Child,relaxed
2123,Javier Solis,Lloraremos Los Dos,sad
2124,Iron Maiden,The Evil That Men Do,angry
2125,Motley Crue,White Trash Circus,sad
2126,Aerosmith,Get A Grip,sad
2127,Aerosmith,Fever,sad
2128,The Allman Brothers Band,You Don't Love Me,happy
2129,Decyfer Down,Crash,angry
2130,Buffalo Springfield,Kind Woman,relaxed
2131,Paul McCartney,Freedom ,happy
2132,Robi Draco Rosa,Vagabundo,sad
2133,Zoe,Reptilectric,sad
2134,MDO,No Puedo Olvidarme De Ti ,sad
2135,The Peter Malick Group,All Your Love ,happy
2136,Braille,Counter Attack ,angry
2137,Echo & The Bunnymen,Shroud Of Turin,happy
2138,Dionne Warwick,This Girl's In Love With You,happy
2139,Gary Puckett & The Union Gap,This Girl Is A Woman Now,relaxed
2140,Cassandra Wilson,A Day In The Life Of A Fool,sad
2141,The Ronettes,Do I Love You,happy
2142,Danzig,Dirty Black Summer,sad
2143,She & Him,Home,relaxed
2144,K'Naan,Fire In Freetown,angry
2145,Dead Confederate,Run From The Gun,angry
2146,Love Is All,Bigger Bolder,angry
2147,The Raveonettes,Heart Of Stone,angry
2148,The Smiths,London,sad
2149,Jeru The Damaja,D. Original,sad
2150,Phyllis Hyman,"Loving You, Losing You",angry
2151,Neko Case,Lady Pilot,angry
2152,Jonathan Richman,I Was The One She Came For,angry
2153,Erasure,Love To Hate You,angry
2154,Tab Benoit,Can't You See,sad
2155,Arthur Alexander,Soldier Of Love,happy
2156,Mika,Happy Ending,happy
2157,Leo Sayer,More Than I Can Say,happy
2158,Charles Brown,Trouble Blues,angry
2159,Poly Styrene,I Luv Ur Sneakers,happy
2160,Nirvana,Very Ape,relaxed
2161,Brett Dennen,Dancing At A Funeral,sad
2162,Kem,You Might Win,happy
2163,Motograter,Down,sad
2164,Los Horoscopos De Durango,Ahora Que No Estas,sad
2165,Twinkie Clark,Bless You Real Good,relaxed
2166,Anders Osborne,Killing Each Other,angry
2167,Steve Miller Band,Sweet Home Chicago,relaxed
2168,Chaka Khan,Will You Love Me?,happy
2169,Phyllis Hyman,I Don't Want To Lose You,happy
2170,Antony Santos,"Hay De Mi, Hay De Ti",sad
2171,Beck,Earthquake Weather,sad
2172,Ty Segall,Sad Fuzz,sad
2173,The Beatles,Maggie Mae,sad
2174,The Beatles,Honey Don't,relaxed
2175,Frankie Goes To Hollywood,Two Tribes,angry
2176,Dierks Bentley,Pride ,happy
2177,Tricky,Murder Weapon,angry
2178,Nina Simone,To Love Somebody,happy
2179,Ray Charles,Christmas In My Heart,happy
2180,Morcheeba,Fear & Love,angry
2181,Lamb,Gabriel,relaxed
2182,Nouvelle Vague,This Is Not A Love Song,happy
2183,Peggy Lee,Santa Claus Is Coming To Town,sad
2184,Bing Crosby,God Rest Ye Merry Gentlemen,relaxed
2185,Bad Religion,Let Them Eat War,angry
2186,Chris Isaak,Have Yourself A Merry Little Christmas,happy
2187,Chris Isaak,Blue Christmas,relaxed
2188,Trans-Siberian Orchestra,The Silent Nutcracker ,relaxed
2189,John Williams,"Merry Christmas, Merry Christmas",happy
2190,Ultimate,It's My Birthday,happy
2191,Sheryl Crow,Blue Christmas,relaxed
2192,Roy Orbison,Pretty Paper,relaxed
2193,Garth Brooks,Silent Night,relaxed
2194,Shedaisy,That's What I Want For Christmas,happy
2195,The Beach Boys,"Merry Christmas, Baby",happy
2196,Johnny Gill,Give Love On Christmas Day,happy
2197,The O'Jays,Have Yourself A Merry Little Christmas,happy
2198,Girl In A Coma,Blue Christmas,relaxed
2199,The Dan Band,Christmakwanzakah,happy
2200,Led Zeppelin,Rock And Roll ,sad
2201,Melissa Etheridge,Christmas In America,relaxed
2202,Low,Just Like Christmas,happy
2203,Casting Crowns,What This World Needs,happy
2204,Nailbomb,Wasting Away,sad
2205,James Ingram,Everything Must Change,relaxed
2206,The Heavy,Set Me Free,relaxed
2207,Jill Scott,It's Love,happy
2208,Take 6,I Saw Three Ships,happy
2209,Celine Dion,Blue Christmas,relaxed
2210,Billy Idol,Christmas Love,happy
2211,Brian Wilson,Silent Night,relaxed
2212,High On Fire,Holy Flames Of The Fire Spitter,angry
2213,Mark Ronson,Oh My God ,relaxed
2214,Gotan Project,Peligro,sad
2215,The Bee Gees,To Love Somebody,happy
2216,The Beach Boys,The Warmth Of The Sun,relaxed
2217,The Young Rascals,I've Been Lonely Too Long,sad
2218,Jackie DeShannon,Put A Little Love In Your Heart,happy
2219,Johnny Mathis,Heavenly Peace,relaxed
2220,Dave Matthews & Tim Reynolds,Christmas Song,happy
2221,Melissa Etheridge,Blue Christmas,relaxed
2222,Willie Nelson,Blue Christmas,relaxed
2223,Kenny Chesney,The Angel At The Top Of My Tree,relaxed
2224,Michael Bolton,Have Yourself A Merry Little Christmas,happy
2225,Janiva Magness,I'm Feelin' Good,relaxed
2226,Martina McBride,Silent Night,relaxed
2227,Blood Red Shoes,One More Empty Chair,sad
2228,Azure Ray,Shouldn't Have Loved,happy
2229,Buffalo Tom,Taillights Fade,sad
2230,David Bowie,Fame,happy
2231,Queens Of The Stone Age,"Sick, Sick, Sick",sad
2232,Ziggy Marley,Family Time,relaxed
2233,Conjunto Primavera,No Le Ruegues,sad
2234,Pink Floyd,Take Up Thy Stethoscope And Walk,angry
2235,All That Remains,Become The Catalyst,angry
2236,The Beatles,Goodnight,relaxed
2237,Five Finger Death Punch,Burn It Down,angry
2238,Nirvana,Negative Creep,relaxed
2239,Phobia,Sign Of Times,angry
2240,M.I.A.,Bucky Done Gun,angry
2241,Testament,Apocalyptic City ,angry
2242,Isobel Campbell & Mark Lanegan,Honey Child What Can I Do?,sad
2243,John Pizzarelli,This Can't Be Love,happy
2244,Deitrick Haddon,So Good To Be In Love,happy
2245,Will Downing,Home,relaxed
2246,The Sex Pistols,Liar,angry
2247,James Blake,I Mind,relaxed
2248,Beck,He's A Mighty Good Leader,happy
2249,Beck,I Get Lonesome,sad
2250,Sleepy Sun,Freedom Line,relaxed
2251,Fats Domino,I'm In Love Again,happy
2252,Toro Y Moi,Light Black,sad
2253,Robyn,Show Me Love,happy
2254,Banda Pequenos Musical,Obra Maestra,sad
2255,John Prine,Glory Of True Love,happy
2256,Matthew Dear,Soil to Seed,sad
2257,Tegan And Sara,I Hear Noises,sad
2258,Band Of Horses,Islands On The Coast,relaxed
2259,Unearth,Endless,angry
2260,The Doors,Horse Latitudes,sad
2261,Freda Payne,Deeper & Deeper,happy
2262,Iron Maiden,Fear Of The Dark,angry
2263,Ozomatli,Aqui No Sera,sad
2264,Kenna,Better Wise Up,relaxed
2265,George Strait,What Do You Say To That,happy
2266,30 Seconds To Mars,Search And Destroy,angry
2267,Muse,Take A Bow,angry
2268,David Bowie,I'm Afraid Of Americans,angry
2269,U2,The Refugee,angry
2270,Lucinda Williams,Real Love,happy
2271,Joe Jackson,The Uptown Train,sad
2272,"Phillips, Craig & Dean",You Are My King ,happy
2273,Hillsong,Adonai,happy
2274,Rebecca St. James,Psalm 139,happy
2275,BeBe & CeCe Winans,I.O.U. Me,happy
2276,Victor Garcia,Mi Funeral,sad
2277,Neon Indian,"Mind, Drips",sad
2278,The Thermals,Your Love Is So Strong,happy
2279,The Dandy Warhols,The Dope ,happy
2280,Diana Ross & The Supremes,In And Out Of Love,happy
2281,The Teddy Bears,To Know Him Is To Love Him,happy
2282,Lair Of The Minotaur,Evil Power,angry
2283,The Platters,On My Word Of Honor,happy
2284,Jimmy Ruffin,I've Passed This Way Before,angry
2285,Barry Manilow,I'll Never Smile Again ,happy
2286,The Platters,With This Ring,happy
2287,Grass Widow,Shadow,sad
2288,The Pretenders,Thumbelina,relaxed
2289,High On Fire,Bastard Samurai,angry
2290,The Dead Weather,No Horse,sad
2291,A Place To Bury Strangers,Everything Always Goes Wrong,happy
2292,Gorillaz,Bill Murray,angry
2293,Sherwood,Free,relaxed
2294,Skeletonwitch,Where The Light Has Failed,angry
2295,Thomas Dolby,Dissidents (The Search For Truth Part 1) (2009 Digital Remaster),sad
2296,Neil Sedaka,Because Of You,happy
2297,Keb' Mo',Dangerous Mood,relaxed
2298,Jimi Hendrix Experience,Fire,angry
2299,22-20s,Hold On,angry
2300,Wyclef Jean,Midnight Lovers,sad
2301,evanescence,my_immortal,angry
2302,Minnie Riperton,Completeness,happy
2303,Iggy Pop,Lust for life (recorded during the us tour in 1986),happy
2304,The Beatles,All You Need Is Love,happy
2305,The Gathering,Locked Away,angry
2306,Zeromancer,The Death Of Romance,sad
2307,System of a Down,War?,angry
2308,Keb' Mo',The Door,sad
2309,Usher,I'll Show You Love,happy
2310,Junior Kimbrough,Meet Me in the City,relaxed
2311,Bass  Fontella,Rescue Me,happy
2312,Black Flag,Police Story,angry
2313,Rancid,Black Lung (Album Version),sad
2314,The Shirelles,Will You Love Me Tomorrow,happy
2315,The Beatles,In My Life,happy
2316,The Beatles,Golden Slumbers,relaxed
2317,Sick Puppies,Master Of The Universe,sad
2318,AFI,Summer Shudder,sad
2319,The Beatles,Good Night,relaxed
2320,The Beatles,Your Mother Should Know,happy
2321,Blind Willie Johnson,You'll Need Somebody On Your Bond,sad
2322,Teenage Fanclub,The Sun Shines From You,relaxed
2323,Turtles,Happy Together,happy
2324,Lord  Mary Lou,Lights Are Changing,sad
2325,cardigans,lovefool,happy
2326,Deborah Allen,I Will Always Love You,happy
2327,The Misfits,The Haunting,sad
2328,Sick Of It All,Consume (LP Version),sad
2329,Atomic Rooster,Close Your Eyes,relaxed
2330,April Wine,Caught In The Crossfire,angry
2331,MÃ¥negarm,Ur SjÃ¤lslig DÃ¶d,sad
2332,Irma Thomas,Hold Me While I Cry,relaxed
2333,Doyle Bramhall,That's How Strong My Love Is,happy
2334,My Chemical Romance,You Know What They Do To Guys Like Us In Prison (Album Version),angry
2335,Hank Locklin,Send Me The Pillow You Dream On,relaxed
2336,elvis_presley,heartbreak_hotel,sad
2337,Ensiferum,Into Battle,angry
2338,Patty Griffin,Moses,sad
2339,The Beatles,I Want You,angry
2340,The Beatles,Honey Don't,relaxed
2341,Sick Of It All,Death Or Jail,angry
2342,Suicidal Tendencies,Human Guinea Pig,sad
2343,John Berry,Ninety Miles An Hour,sad
2344,roy_orbison,running_scared,angry
2345,Sugarbomb,Posterchild for Tragedy,angry
2346,The Beatles,Octopus's Garden,relaxed
2347,The Beatles,For You Blue,relaxed
2348,Funeral For A Friend,All The Rage (Clean Album Version),sad
2349,Tommy Castro,Sho' Enough,happy
2350,Ross  Diana & the Supremes,Baby Love,happy
2351,P.O.D.,Wildfire (Album Version),angry
2352,Wire,I Am the Fly,sad
2353,Knack,Everything I Do,angry
2354,Temple Of The Dog,Hunger Strike,sad
2355,Queens Of The Stone Age,Everybody's Gonna Be Happy,happy
2356,The Beatles,Love Me Do,happy
2357,The Beatles,Yer Blues,sad
2358,The Beatles,Wild Honey Pie,relaxed
2359,Richard Hell & the Voidoids,Love Comes in Spurts,happy
2360,mamas_and_the_papas,words_of_love,happy
2361,Melvins,Gluey Porch Treatments,sad
2362,Rancid,The Bravest Kids (Acoustic),angry
2363,Boyz II Men,In My Life,happy
2364,Rolling Stones,Gimme Shelter,angry
2365,Alice Cooper,Be My Lover,relaxed
2366,Franz Ferdinand,Do You Want To,happy
2367,Bad Religion,Flat Earth Society (Album Version),angry
2368,The Rascals,I'm So Happy Now (Single Version),happy
2369,Fun Lovin' Criminals,We Have All The Time In The World (Live),happy
2370,chantal_kreviazuk,surrounded,angry
2371,unloco,Bystander (Album Version),relaxed
2372,The Beatles,Can't Buy Me Love,happy
2373,Reach 454,6 Yrs (Album Version ),angry
2374,Aiden,Killing Machine,angry
2375,Kris Kristofferson,Killer Barracuda,angry
2376,Randy Stonehill,Angry Young Men (LP Version),angry
2377,Crests  The,Sixteen Candles,happy
2378,George Jones,Together Alone,sad
2379,Nick Cave & The Bad Seeds,Christina The Astonishing (2010 Digital Remaster),sad
2380,Happy Mondays,Grandbag's Funeral,relaxed
2381,Adam Ant,Something Girls,relaxed
2382,New Edition [US],Candy Girl,relaxed
2383,The Beatles,The End,happy
2384,Curtis Mayfield,People Never Give Up,angry
2385,replacements,answering_machine,sad
2386,3 of Hearts,Is It Love,happy
2387,The Suicide Machines,Burning In The Aftermath,angry
2388,Shelby Lynne,Pretend,angry
2389,Muse,Supermassive Black Hole (Album Version),sad
2390,Minogue  Kylie,I Should Be So Lucky,happy
2391,Sade,Morning Bird,relaxed
2392,Aerosmith,Janie's Got A Gun,angry
2393,Motley Crue,Get It For Free,relaxed
2394,Whitesnake,Love Ain't No Stranger (2003 Digital Remaster),happy
2395,LORE,Release,happy
2396,Bob Marley & The Wailers,Rainbow Country (Red Gold And Green Version),relaxed
2397,Agnes,I Need You Now,sad
2398,Silverchair,The Door,sad
2399,Kane,My Heart's Desire,angry
2400,L.A. Guns,Some Lie For Love,angry
2401,Deftones,No Ordinary Love (Remastered LP Version),happy
2402,air,sexy_boy,happy
2403,jackson_5,abc,relaxed
2404,Metallica,Metal Militia,sad
2405,The Rapture,Killing,sad
2406,Roger Clyne & The Peacemakers,Mile High and Risin',sad
2407,Fontella Bass,Rescue Me,happy
2408,Simply Red,Thrill Me,happy
2409,Muse,Stockholm Syndrome,angry
2410,Natasha Bedingfield,These Words,happy
2411,Wings,Silly Love Songs,happy
2412,The Clash,I'm So Bored With The U.S.A.,sad
2413,Hatebreed,Destroy Everything (Album Version),angry
2414,Rainbow,Still I'm Sad,sad
2415,Placebo,The Never-Ending Why,sad
2416,Juliette & The Licks,Shelter Your Needs,angry
2417,Akon,Lonely,sad
2418,Beach Boys,God Only Knows,happy
2419,James  Elmore,Sky Is Crying,relaxed
2420,Information Society,Make It Funky (Album Version),happy
2421,U2,October,sad
2422,alicia_keys,fallin,happy
2423,Simon & Garfunkel,Patterns,sad
2424,The Beatles,Her Majesty,relaxed
2425,Santana,Rock Me,relaxed
2426,Jeff Scott Soto,2 Late 4 Goodbyes,sad
2427,Altered Images,Happy Birthday,happy
2428,Andrew W.K.,Long Live The Party,happy
2429,DeGarmo & Key,Out Of The Danger Zone (Degarmo And Key Album Version),angry
2430,John Stewart,Price Of The Fire,angry
2431,Lifer,Breathless,sad
2432,Walter Hawkins,Never Alone,sad
2433,Clooney  Rosemary,Come On-A My House,relaxed
2434,Public Image Ltd,The Suit,relaxed
2435,yeah_yeah_yeahs,maps,happy
2436,Jars Of Clay,Love Me,happy
2437,Midge Ure,Four,happy
2438,Foghat,Dead End Street,sad
2439,Evergreen Terrace,Look Up At The Stars And You're Gone,angry
2440,Amorphis,Privilege of Evil (From the Privilege of Evil EP),angry
2441,The Cardigans,Paralyzed,angry
2442,Pee Wee King,Slow Poke,sad
2443,Case  Neko & Her Boyfriends,Bowling Green,relaxed
2444,Silverchair,Cicada,angry
2445,Foo Fighters,If Ever,happy
2446,MxPx,Drum Machine Joy,happy
2447,Uman,The way to Peace,relaxed
2448,The Beatles,I'm Happy Just To Dance With You,happy
2449,Bob Marley,Small Axe,sad
2450,Malefaction,Abused And Unloved,sad
2451,Deftones,Lotion (LP Version),sad
2452,Trashmen,Surfin' Bird,relaxed
2453,Channel  Bruce,Hey! Baby,relaxed
2454,Skeletonwitch,Within My Blood,angry
2455,Radiohead,You (Demo),angry
2456,P.O.D.,Eyes Of A Stranger (Album Version),angry
2457,Thrice,The Earth Isn't Humming,sad
2458,Twila Paris,Perfect Peace,relaxed
2459,Donny Hathaway,I Love You More Than You'll Ever Know (LP Version),happy
2460,green_day,longview,sad
2461,Rihanna,Good Girl Gone Bad,relaxed
2462,Dionne Warwick,I've Been Loving You Too Long (LP Version),happy
2463,Royal Trux,I'm Ready,sad
2464,Inspiral Carpets,Party In The Sky,sad
2465,Dead Boys,Sonic Reducer,sad
2466,McCartney  Paul/Wings,Silly Love Songs,happy
2467,The Beatles,Happiness is a Warm Gun,angry
2468,cat_power,he_war,angry
2469,Buzzcocks,Ever Fallen in Love?,happy
2470,Bad Company [1],Can't Get Enough,happy
2471,New York Dolls,Trash (live Paris),sad
2472,jefferson_airplane,somebody_to_love,happy
2473,Harry Connick_ Jr.,Once,happy
2474,Bad Company [1],Feel Like Makin' Love,happy
2475,The Beatles,Maxwell's Silver Hammer,sad
2476,Fun Lovin' Criminals,We Have All The Time In The World,happy
2477,Skrape,Searching For Home,relaxed
2478,throwing_muses,hate_my_way,angry
2479,Small Faces,Itchycoo Park,happy
2480,Hot Tuna,Candy Man,relaxed
2481,eels,cancer_for_the_cure,angry
2482,Mink DeVille,Heaven Stood Still,relaxed
2483,Owens  Buck,Sally Was a Good Old Girl,relaxed
2484,Blind Willie Johnson,God Don't Never Change,happy
2485,Dean Martin,Until You Love Someone,happy
2486,The Beatles,And I Love Her,happy
2487,Hot Tuna,Death Don't Have No Mercy,sad
2488,Pop  Iggy,Lust for Life,happy
2489,Asleep At The Wheel,Let Me Go Home Whiskey,relaxed
2490,The Beatles,Maggie Mae,sad
2491,The Killers,A White Demon Love Song (Soundtrack Album Version),angry
2492,Panic At The Disco,Northern Downpour (Album Version),sad
2493,Bad Religion,The Lie,angry
2494,Phantom Planet,Here I Am,relaxed
2495,The Beatles,I Should Have Known Better,happy
2496,SNAP!,The World In My Hands (We Are One),relaxed
2497,The Police,So Lonely,sad
2498,Atreyu,Ex's And Oh's (Instrumental Version),sad
2499,Steel Pulse,We Can Do It,angry
2500,Kathy Troccoli,Never My Love,happy
2501,Descendents,Cheer,happy
2502,The Gathering,Locked Away,angry
2503,Nilsson  Harry,1941,relaxed
2504,Chris Brown,I Love U,happy
2505,Devo,Be Stiff (Live),sad
2506,Alice In Chains,Take Her Out,sad
2507,Sex Pistols,Seventeen,sad
2508,Cline  Patsy,I Fall to Pieces,sad
2509,Bare  Bobby,500 Miles Away from Home,relaxed
2510,GWAR,Slap U Around,angry
2511,The Beatles,Birthday,happy
2512,devo,girl_u_want,relaxed
2513,franz_ferdinand,come_on_home,relaxed
2514,Danny Wilson,The Second Summer Of Love,happy
2515,Nana Mouskouri,Only You,happy
2516,Foals,Red Socks Pugie,angry
2517,Buzzcocks,Everybody's Happy Nowadays,happy
2518,Spooky Tooth,Evil Woman,angry
2519,abc,poison_arrow,angry
2520,The Beatles,Here Comes The Sun,relaxed
2521,Juelz Santana,There It Go (The Whistle Song),relaxed
2522,Public Image Ltd,This Is Not A Love Song,happy
2523,Robben Ford,Something For The Pain,angry
2524,Motley Crue,Afraid,angry
2525,Nirvana,Polly,sad
2526,The Beatles,Two Of Us,relaxed
2527,Ziggy Marley And The Melody Makers,New Love,happy
2528,Berlin,Now It's My Turn (Aqualite Mix),angry
2529,George Jones,I Don't Love You Anymore,happy
2530,Rundgren  Todd,Can We Still Be Friends?,sad
2531,Aaron Watson,Whiskey on the Fire,angry
2532,Isley Brothers,Fight the Power  Pt. 1,angry
2533,robert_johnson,sweet_home_chicago,relaxed
2534,Donnie McClurkin,Psalm 27,happy
2535,Dimmu Borgir,The Fundamental Alienation,angry
2536,Rihanna,Good Girl Gone Bad,relaxed
2537,Lewis  Jerry Lee,Another Place  Another Time,sad
2538,Akon,Don't Matter,angry
2539,DeGarmo & Key,Destined To Win,happy
2540,Gibson  Debbie,Shake Your Love,happy
2541,KT Tunstall,Paper Aeroplane (Live From 'Drastic Fantastic' Tour),sad
2542,PJ Harvey,This Mess We're In,relaxed
2543,Johnny Cash,Were You There (When They Crucified My Lord),sad
2544,Bryan Ferry,This Love,happy
2545,Michael Jackson,Happy,happy
2546,Marvin Gaye,Joy,happy
2547,Killswitch Engage,Unbroken,angry
2548,The Everly Brothers,So Lonely,sad
2549,Clannad,Now Is Here,relaxed
2550,Eastmountainsouth,Mark's Song,relaxed
2551,Tom Jones,Without Love (There Is Nothing),happy
2552,Marianne Faithfull,Sad Lisa,sad
2553,Pink Floyd,Chapter 24,relaxed
2554,Johnny Cash,Were You There (When They Crucified My Lord),sad
2555,Pink Floyd,Take Up Thy Stethoscope and Walk,angry
2556,The Everly Brothers,Lonely Street,sad
2557,John Lennon,Happy Xmas (War Is Over),happy
2558,Joe Jackson,Lullaby,sad
2559,Megadeth,The Killing Road,angry
2560,Willie Nelson,What a Wonderful World,relaxed
2561,Black Sabbath,Sick and Tired,sad
2562,Stevie Wonder,Outside My Window,relaxed
2563,Stevie Wonder,Come Back as a Flower,relaxed
2564,John Lennon,Happy Xmas (War Is Over),happy
2565,Bee Gees,Night Fever,sad
2566,Neil Diamond,Dear Father,relaxed
2567,Metallica,Last Caress/Green Hell,sad
2568,Reba McEntire,Can't Even Get the Blues No More,sad
2569,Neil Young,California Sunset,relaxed
2570,Megadeth,FFF,angry
2571,Eddie Money,Think I'm in Love,happy
2572,Kelis,Caught Out There,angry
2573,Bobby McFerrin,Drive My Car,happy
2574,Slayer,War Zone,angry
2575,Slayer,Here Comes the Pain,angry
2576,Al Green,You Are So Beautiful,happy
2577,John Lennon,Happy Xmas (War Is Over),happy
2578,Slayer,Ghosts of War,angry
2579,Natalie Cole,L-O-V-E,happy
2580,The Prodigy,One Love,happy
2581,Ice Cube,Dirty Mack,sad
2582,Metallica,Metal Militia,sad
2583,Gene Vincent,Be-Bop-A-Lula,relaxed
2584,George Harrison,What Is Life,happy
2585,The Rolling Stones,Tie You Up (The Pain of Love),angry
2586,Boyz II Men,Silent Night,relaxed
2587,Venom,Warhead,angry
2588,Paul McCartney,My Love,happy
2589,Sheryl Crow,A Change Would Do You Good,relaxed
2590,Slayer,Fight Till Death,angry
2591,Anthrax,Among the Living,angry
2592,Opeth,Heir Apparent,sad
2593,Sepultura,Territory,angry
2594,Bing Crosby,Sweet Leilani,relaxed
2595,Weezer,(If Youre Wondering If I Want You To) I Want You To,happy
2596,Noah And The Whale, Years Time,happy
2597,Jason Mraz, Million Miles,happy
2598,Josh Thompson,A Name In This Town,happy
2599,Lily Allen,Alfie,happy
2600,Smash Mouth,All Star,happy
2601,Fun.,All The Pretty Girls,happy
2602,The Fabulous Thunderbirds,Amnesia,happy
2603,Greg Laswell,And Then You,happy
2604,Just Jack,Astronaut,happy
2605,"The,shins",Australia,happy
2606,Good Lovelies,Backyard,happy
2607,Aqua,Barbie Girl,happy
2608,Sean Kingston,Beautiful Girls,happy
2609,Jesse Mccartney,Beautiful Soul,happy
2610,Macy Gray,Beauty In The World,happy
2611,American Authors,Best Day Of My Life,happy
2612,Travie Mccoy,Billionaire (Feat. Bruno Mars),happy
2613,MIKA,Billy Brown,happy
2614,miss li,Bourgeois Shangri-La,happy
2615,Jack Johnson,Breakdown,happy
2616,Bruno Mars,Marry You,happy
2617,Ringo Starr,Me And You,happy
2618,Taylor Swift,Mean,happy
2619,Taylor Swift,Mine,happy
2620,Maroon ,Misery,happy
2621,Avril Lavigne,Mobile,happy
2622,Sondre Lerche,Modern Nature,happy
2623,Junior Senior,Move Your Feet,happy
2624,Maroon ,Moves Like Jagger,happy
2625,Britney Spears,My Baby,happy
2626,Jack Johnson,Never Know,happy
2627,Muddy Waters,No Escape From The Blues,happy
2628,The Notorious Cherry Bombs,On The Road To Ruin,happy
2629,Imagine Dragons,On Top Of The World,happy
2630,Viva Brother,Otherside,happy
2631,Smash Mouth,Pacific Coast Party,happy
2632,Andrew W.K.,Party Til You Puke,happy
2633,Tinie Tempah,Pass Out,happy
2634,Paolo Nutini,Pencil Full Of Lead,happy
2635,crystal fighters,Plage,happy
2636,The Monkees,Pleasant Valley Sunday,happy
2637,Tristan Prettyman,Please,happy
2638,Natasha Bedingfield,Pocketful Of Sunshine,happy
2639,miss li,Polythene Queen,happy
2640,Foster The People,Pumped up Kicks (Album Version),happy
2641,Bachman-Turner Overdrive,Roll On Down The Highway,happy
2642,Del Amitri,Roll To Me,happy
2643,Taylor Swift,Santa Baby,happy
2644,Ringo Starr,Satisfied,happy
2645,The Monkees,Saturday'S Child,happy
2646,Michael Franti & Spearhead,Say Hey (I Love You),happy
2647,Bachman-Turner Overdrive,Second Hand,happy
2648,The Monkees,Shades Of Gray,happy
2649,Natasha Bedingfield,Shake Up Christmas 2011,happy
2650,The Monkees,She,happy
2651,Lenka,Shock Me Into Love,happy
2652,Taylor Swift,Should'Ve Said No,happy
2653,"Tristan Prettyman,Jason Mraz",Shy That Way,happy
2654,Tristan Prettyman,Smoke,happy
2655,the rocket summer,So Much Love,happy
2656,Fun.,Some Nights (Intro),happy
2657,Room Eleven,Somedays,happy
2658,Two Door Cinema Club,Something Good Can Work,happy
2659,The Monkees,Sometime In The Morning,happy
2660,Carrie Underwood,Songs Like This,happy
2661,Fountains of Wayne,Stacy's Mom,happy
2662,James Blunt,Stay The Night,happy
2663,Maroon ,Stutter,happy
2664,The Corrs,Summer Sunshine (Album Version),happy
2665,Matt Costa,Sunshine,happy
2666,Bwo,Sunshine In The Rain,happy
2667,Hilary Duff,Sweet Sixteen,happy
2668,The Monkees,Take A Giant Step,happy
2669,Andrew W.K.,Take It Off,happy
2670,Owl City,The Airway,happy
2671,Just Jack,The Day I Died,happy
2672,The Monkees,The Girl I Knew Somewhere,happy
2673,Bruno Mars,The Lazy Song,happy
2674,John Hiatt,The Love That Harms,happy
2675,Owl City,The Saltwater Room,happy
2676,Lenka,The Show,happy
2677,Ringo Starr,The Turnaround,happy
2678,Aaron Carter,To All The Girls,happy
2679,Hot Chelle Rae,Tonight Tonight,happy
2680,Carpenters,Top Of The World,happy
2681,Taylor Swift,Treacherous,happy
2682,The Fabulous Thunderbirds,True Love,happy
2683,Mark Burchfield,Two Doors Down,happy
2684,Relient K,Up And Up,happy
2685,The Monkees,Valleri,happy
2686,The Notorious Cherry Bombs,Wait A Minute,happy
2687,Wham,Wake Me Up Before You Go Go,happy
2688,Katrina And The Waves,Walking On Sunshine,happy
2689,Fun.,Walking The Dog,happy
2690,MIKA,We Are Golden,happy
2691,Lenka,We Will Not Grow Old,happy
2692,The White Stripes,We're Going To Be Friends,happy
2693,One Direction,What Makes You Beautiful,happy
2694,Anya Marina,Whatever You Like (Single Version),happy
2695,Slow Club,When I Go,happy
2696,Shakira,"Whenever, Wherever",happy
2697,The Monkees,Words,happy
2698,Jonas Brothers,Year 3000,happy
2699,Gareth Gates,Anyone Of Us (Stupid Mistake),happy
2700,Aqua,Around The World,happy
2701,Chairlift,Bruises,happy
2702,Colbie Caillat,Bubbly,happy
2703,Owl City,Captains And Cruise Ships,happy
2704,Passion Pit,Carried Away,happy
2705,Aqua,Cartoon Heroes,happy
2706,Damien Jurado,Caskets,happy
2707,surfer blood,Catholic Pagans,happy
2708,Emblem,Chloe (You're The One I Want),happy
2709,Ringo Starr,Choose Love,happy
2710,Melissa Etheridge,Come To My Window,happy
2711,Busted,Crashed The Wedding,happy
2712,The Monkees,Cuddly Toy,happy
2713,Anna Kendrick,Cups,happy
2714,David Steinberg,Cute,happy
2715,Toploader,Dancing In The Moonlight,happy
2716,Youngblood Hawke,Dannyboy,happy
2717,The Monkees,Daydream Believer,happy
2718,Matt & Kim,Daylight,happy
2719,Owl City,Dementia,happy
2720,Rihanna,Do Ya Thang,happy
2721,Pixie Lott,Doing Fine (Without You),happy
2722,regina spektor,Don't Leave Me (Ne Me Quitte Pas),happy
2723,Fatboy Slim,Don'T Let The Man Get You Down,happy
2724,Queen,Don'T Stop Me Now,happy
2725,S Club ,Don'T Stop Movin',happy
2726,Newton Faulkner,Dream Catch Me,happy
2727,Viva Brother,Electric Daydream,happy
2728,Traveling Wilburys,End Of The Line,happy
2729,Good Lovelies,Every Little Thing,happy
2730,Sausalito Foxtrot,Everyday,happy
2731,Lenka,Everything At Once,happy
2732,John Hiatt,Falling Up,happy
2733,Alphabeat,Fascination,happy
2734,Colbie Caillat,Favorite Song,happy
2735,Owl City,Fireflies,happy
2736,The Monkees,Forget That Girl,happy
2737,Kate Nash,Foundations,happy
2738,Good Lovelies,Free,happy
2739,belle and sebastian,Funny Little Frog,happy
2740,Patrick Wolf,Get Lost,happy
2741,dragonette,Get Lucky,happy
2742,M2M,Girl In Your Dreams,happy
2743,The Wanted,Glad You Came,happy
2744,Owl City,Gold,happy
2745,Nappy Roots,Good Day,happy
2746,Ellie Goulding,Goodness Gracious,happy
2747,Hanson,Great Divide,happy
2748,Natasha Bedingfield,Happy,happy
2749,Pharrell Williams,Happy,happy
2750,The Notorious Cherry Bombs,Heart Of A Jealous Man,happy
2751,Tristan Prettyman,Hello,happy
2752,Fountains of Wayne,Hey Julie,happy
2753,Eels,Hey Man (Now You'Re Really Living),happy
2754,The Cribs,Hey Scenesters!,happy
2755,Train,"Hey, Soul Sister",happy
2756,Smash Mouth,Holiday In My Head,happy
2757,Owl City,Hot Air Balloon,happy
2758,Jimmy Cliff,I Can See Clearly Now,happy
2759,Donna Lewis,I Could Be The One ( Lp Version ),happy
2760,Feist,I Feel It All,happy
2761,Muddy Waters,I Feel Like Going Home,happy
2762,Andrew W.K.,I Love Nyc,happy
2763,James Blunt,I'Ll Be Your Man,happy
2764,The Monkees,I'M A Believer,happy
2765,The Monkees,You Just May Be The One,happy
2766,Jason Mraz,I'm Yours,happy
2767,The Notorious Cherry Bombs,If I Ever Break Your Heart,happy
2768,Mungo jerry,In the summertime,happy
2769,Fun.,It Gets Better,happy
2770,Michael Bubl¨¦,It's a Beautiful Day,happy
2771,Jem,It'S Amazing,happy
2772,The Puppini Sisters,It'S Not Over (Death Or The Toy Piano),happy
2773,Cody Simpson,Iyiyi (Feat. Flo Rida),happy
2774,The Kooks,Junk Of The Heart (Happy),happy
2775,Sara Bareilles,King Of Anything,happy
2776,Parachute,Kiss Me Slowly,happy
2777,Madonna,La Isla Bonita,happy
2778,The Monkees,Last Train To Clarksville,happy
2779,Lily Allen,Ldn,happy
2780,Chris Rice,Lemonade,happy
2781,The Monkees,Listen To The Band,happy
2782,Lily Allen,Littlest Things,happy
2783,Aqua,Lollipop,happy
2784,Mika,Lollipop,happy
2785,The Monkees,Look Out (Here Comes Tomorrow),happy
2786,Bob Sinclar,Love Generation,happy
2787,Tristan Prettyman,Love Love Love (Album Version),happy
2788,Eagles,Love Will Keep Us Alive,happy
2789,Selena Gomez & The Scene,Love You Like A Love Song,happy
2790,Andrew Allen,Loving You Tonight,happy
2791,"Colbie Caillat,Jason Mraz",Lucky,happy
2792,Bombay Bicycle Club,Luna,happy
2793,The Notorious Cherry Bombs,Making Memories Of Us,happy
2794,Shania Twain,Man! I Feel Like A Woman!,happy
2795,Lenka,Like A Song,sad
2796,Sarah Connor,Living To Love You,sad
2797,Foo Fighters,Lonely As You,sad
2798,Little Big Town,Lonely Enough,sad
2799,Lucinda Williams,Lonely Girls,sad
2800,Owl City,Lonely Lullaby,sad
2801,Mazzy Star,Look On Down From The Bridge,sad
2802,Pete Yorn,Lose You,sad
2803,"Eminem,Rihanna",Love The Way You Lie,sad
2804,The Cure,Lullaby,sad
2805,Gary jules,Mad World,sad
2806,Sara Bareilles,Manhattan,sad
2807,Death Cab For Cutie,Marching Bands Of Manhattan,sad
2808,Tori Amos,Maybe California,sad
2809,Brand New,me vs. maradona vs. elvis,sad
2810,mayday parade,miserable at best,sad
2811,Miranda Lambert,More Like Her,sad
2812,Blackfield,my gift of silence,sad
2813,Lene Marlin,My Love,sad
2814,Keren Ann,My Name Is Trouble,sad
2815,Lykke Li,Never Gonna Love Again,sad
2816,Taylor Swift,Never Grow Up,sad
2817,Kate Nash,Nicest Thing,sad
2818,Shayne Ward,No Promises,sad
2819,James Blunt,No Tears,sad
2820,Enrique Iglesias,Not In Love,sad
2821,Pixie Lott,Nothing Compares,sad
2822,Blue,One Love,sad
2823,Will.i.am,One More Chance,sad
2824,Justin Bieber,One Time,sad
2825,Dead Man¡äs Bones,Paper Ships (feat. the Silverl,sad
2826,Anathema,Parisienne Moonlight,sad
2827,NEIL YOUNG,Philadelphia,sad
2828,The National,Pink Rabbits,sad
2829,The Smiths,"Please, Please, Please Let Me Get What I Want",sad
2830,Keren Ann,Polly,sad
2831,Taylor Swift,Red,sad
2832,Animal Alpha,Remember The Day,sad
2833,Alison Krauss & Union Station,Restless,sad
2834,Bat For Lashes,Sad Eyes,sad
2835,Katharine Mcphee,Say Goodbye,sad
2836,Keren Ann,Seventeen,sad
2837,Britney Spears,Shadow,sad
2838,Backstreet Boys,Shape Of My Heart,sad
2839,Sting,Shape Of My Heart,sad
2840,trading yesterday,Shattered,sad
2841,Maroon ,She Will Be Loved,sad
2842,Birdy,Shelter,sad
2843,Taylor Swift,Silent Night,sad
2844,Lenka,Skipalong,sad
2845,Primal Scream,Sometimes I Feel So Lonely,sad
2846,John Frusciante,Song To The Siren,sad
2847,Noah And The Whale,Stranger,sad
2848,Toni Braxton,Stupid,sad
2849,Greyson Chance,Summertrain,sad
2850,Norah Jones,Sunrise,sad
2851,Marvin Gaye,Take This Heart Of Mine,sad
2852,Moby,Temptation,sad
2853,Brandi Carlile,That Year,sad
2854,Ed Sheeran,The A Team,sad
2855,Damien Rice,The Blower'S Daughter,sad
2856,In Flames,The Chosen Pessimist,sad
2857,Dido,The Day Before The Day,sad
2858,M2M,The Day You Went Away,sad
2859,Noah And The Whale,The First Days Of Spring,sad
2860,Green Day,The Forgotten,sad
2861,Cats Up,The Ketchup Song (Asereje),sad
2862,Taylor Swift,The Moment I Knew,sad
2863,Katy Perry,The One That Got Away,sad
2864,Coldplay,The Scientist,sad
2865,Jason Mraz,The World As I See It,sad
2866,Blue October,The Worry List,sad
2867,Shawn Colvin,These Four Walls,sad
2868,Vince Gill,This New Heartache,sad
2869,The Corrs,Time Enough For Tears (Borrowed Heaven_Album Version),sad
2870,Vince Gill,Time To Carry On,sad
2871,Lake Of Tears,To Blossom Blue,sad
2872,Novembers Doom,Twilight Innocence,sad
2873,Aaron,U-Turn (Lili),sad
2874,Portishead,Undenied,sad
2875,The XX,Unfold,sad
2876,Taylor Swift,Untouchable,sad
2877,Natasha Bedingfield,Unwritten,sad
2878,Owl City,Vanilla Twilight,sad
2879,Laura Marling,What He Wrote,sad
2880,Death Cab For Cutie,What Sarah Said (Album Version),sad
2881,Adam Lambert,Whataya Want From Me,sad
2882,Avril Lavigne,When You'Re Gone,sad
2883,Britney Spears,Where Are You Now,sad
2884,"Alison Krauss,Brad Paisley",Whiskey Lullaby,sad
2885,Mr. Big,Wild World,sad
2886,Aimee Mann,Wise Up,sad
2887,Babyface,With Him,sad
2888,James Morrison,You Give Me Something,sad
2889,Craig David,You Know What,sad
2890,Brand New,You Stole,sad
2891,Shayne Ward,You'Re Not Alone,sad
2892,The Cranberries,Zombie,sad
2893,Damien Rice, Crimes,sad
2894,Cold,A Different Kind Of Pain (Album Version),sad
2895,Anathema,A Natural Disaster,sad
2896,Lene Marlin,A Place Nearby,sad
2897,Vanessa Carlton,A Thousand Miles,sad
2898,Jewel,Again And Again,sad
2899,The Airborne Toxic Event,All I Ever Wanted,sad
2900,Air Supply,All Out Of Love,sad
2901,Taylor Swift,All Too Well,sad
2902,A Fine Frenzy,Almost Lover (Album Version),sad
2903,Heart,Alone (2000 Digital Remaster),sad
2904,Monica,Angel Of Mine,sad
2905,Backstreet Boys,As Long As You Love Me,sad
2906,A Fine Frenzy,Ashes And Wine,sad
2907,Taylor Swift,Back To December,sad
2908,Justin Bieber,Be Alright,sad
2909,anathema,Better Off Dead,sad
2910,AMY GRANT,Better Than A Hallelujah,sad
2911,Chris Garneau,Black & Blue,sad
2912,Lana Del Rey,Blue Velvet,sad
2913,Lana Del Rey,Born To Die,sad
2914,Alicia Keys,Brand New Me,sad
2915,Sara Bareilles,Breathe Again,sad
2916,Ben Folds Five,Brick,sad
2917,Jake Bugg,Broken,sad
2918,North,California Dreaming,sad
2919,My Chemical Romance,Cancer,sad
2920,Kimya Dawson,Caving In,sad
2921,Sarah Connor,Christmas In My Heart (Single Version),sad
2922,Coldplay,Christmas Lights,sad
2923,Taylor Swift,Cold As You,sad
2924,Damien Rice,Cold Water,sad
2925,Kanye West,Coldest Winter,sad
2926,The Cardigans,Communication,sad
2927,James Blunt,Cry,sad
2928,Michael Pitt,Death To Birth,sad
2929,Lene Marlin,Disguise,sad
2930,Nick Carter,Do I Have To Cry For You,sad
2931,"Jason Walker,Molly Reed",Down,sad
2932,Babyface,"Drama, Love & 'Lationships",sad
2933,Uh Huh Her,Dreamer,sad
2934,Hole,Dying,sad
2935,The Cranberries,Dying In The Sun,sad
2936,Eels,Elizabeth On The Bathroom Floor,sad
2937,Black Box Recorder,England Made Me,sad
2938,Monrose,Even Heaven Cries,sad
2939,Suede,Everything Will Flow,sad
2940,Sparklehorse,Eyepennies,sad
2941,Sean Kingston,Fire Burning,sad
2942,Anathema,Flying,sad
2943,James Vincent McMorrow,Follow You Down To The Red Oak Tree,sad
2944,Alphaville,Forever Young,sad
2945,Jeff Buckley,Forget Her,sad
2946,Anathema,Forgotten Hopes,sad
2947,Groove Coverage,God Is A Girl,sad
2948,James blunt,Goodbye my lover,sad
2949,Sara Bareilles,Gravity,sad
2950,Imogen Heap,Half Life,sad
2951,Rufus Wainwright,Hallelujah,sad
2952,The Pussycat Dolls,Happily Never After,sad
2953,The Fray,Happiness,sad
2954,The Moody Blues,Happy Xmas (War Is Over),sad
2955,Radical Face,Haunted,sad
2956,Taylor Swift,Haunted,sad
2957,Beyonce,Heaven,sad
2958,Judas Priest,Here Come The Tears,sad
2959,The Replacements,Here Comes A Regular,sad
2960,3 Doors Down,Here Without You,sad
2961,Mariah Carey,Hero,sad
2962,Counting Crows,Holiday In Spain,sad
2963,Michael Bubl¨¦,Home,sad
2964,Antony & The Johnsons,Hope There'S Someone,sad
2965,regina spektor,How,sad
2966,Marc Anthony,How Could I,sad
2967,Wilco,How To Fight  Loneliness,sad
2968,Christina Aguilera,Hurt,sad
2969,Johnny Cash,Hurt,sad
2970,Westlife,I Cry,sad
2971,Savage Garden,I Knew I Loved You,sad
2972,Katy Perry,I M Still Breathing,sad
2973,Christina Aguilera,I'M Ok,sad
2974,James Vincent McMorrow,If I Had a Boat,sad
2975,Beyonce,If I Were A Boy,sad
2976,Taylor Swift,If This Was a Movie,sad
2977,Leonard Cohen,In My Secret Life,sad
2978,Taylor Swift,Innocent,sad
2979,Taylor Swift,Invisible,sad
2980,Slow Club,It Doesn't Have To Be Beautiful,sad
2981,Julia Stone,It's All Okay,sad
2982,Christina Perri,Jar Of Hearts,sad
2983,Tom Waits,Kiss Me,sad
2984,Lady & Bird,La Ballade Of Lady & Bird,sad
2985,Taylor Swift,Last Christmas,sad
2986,Ke$ha,Last Goodbye,sad
2987,Taylor Swift,Last Kiss,sad
2988,Demi Lovato,Let It Go,sad
2989,Jo De La Rosa,Letting Go,sad
2990,Jason Mraz,Life Is Wonderful,sad
2991,Delta Goodrem,Lost Without You,sad
2992,Eminem,'Till I Collapse,angry
2993,Eminem, To Life,angry
2994,David Gray,A Century Ends,angry
2995,Sum ,A N I C,angry
2996,Eminem,Rain Man,angry
2997,Sum ,Reason to Believe,angry
2998,Lamb of God,Requiem,angry
2999,Pj Harvey,Rid Of Me,angry
3000,"Chamillionaire,sway",Ridin',angry
3001,Damien Rice,Rootless Tree,angry
3002,Talib Kweli,Rush,angry
3003,"King Louie,Kanye West",Send It Up,angry
3004,Drowning Pool,Sermon,angry
3005,Black Rebel Motorcycle Club,Shade Of Blue,angry
3006,Hole,Skinny Little Bitch,angry
3007,Eminem,So Bad,angry
3008,Blue October,Somebody,angry
3009,Coal Chamber,Something Told Me,angry
3010,Nine Inch Nails,Somewhat Damaged,angry
3011,Slayer,South Of Heaven,angry
3012,Brand New,Sowing Season,angry
3013,Eminem,Space Bound,angry
3014,Kanye West,Spaceship,angry
3015,Eminem,Stan,angry
3016,skumfuk,sum 41,angry
3017,Metallica,Sweet Amber,angry
3018,Sum ,T H T,angry
3019,Sum ,Thanks For Nothing,angry
3020,Roadrunner United,The Enemy (Album Version),angry
3021,Pj Harvey,The Life And Death Of Mr. Badmouth,angry
3022,Limp Bizkit,The Surrender,angry
3023,Metallica,The Unforgiven,angry
3024,Eminem,The Way I Am,angry
3025,Sum ,Time for You to Go,angry
3026,yonkers,"tyler, the creator",angry
3027,Sum ,Underclass Hero,angry
3028,Marilyn Manson,Use Your Fist And Not Your Mouth,angry
3029,Hole,Violet,angry
3030,Natalie Imbruglia,Want,angry
3031,SUM ,We'Re All To Blame,angry
3032,David Gray,What Are You,angry
3033,Nine Inch Nails,With Teeth,angry
3034,Sum ,All Messed Up,angry
3035,Sum ,Another Time Around,angry
3036,Disturbed,Awaken,angry
3037,Johnny Cash,Ballad Of Ira Hayes,angry
3038,Bad Religion,Before You Die,angry
3039,Slayer,Blood Red,angry
3040,Alanis Morissette,You Oughta Know,angry
3041,Limp Bizkit,Break Stuff,angry
3042,Kelly Clarkson,Breaking Your Own Heart,angry
3043,Mercy Drive,Burn In My Light,angry
3044,Eminem,Cleanin Out My Closet,angry
3045,Shakira,Costume Makes The Clown,angry
3046,Eminem,Criminal,angry
3047,Kelly Clarkson,Dark Side,angry
3048,Sum ,Dear Father,angry
3049,Korn,do what they say,angry
3050,Guns N' Roses,Don'T Cry,angry
3051,no afraid,eminem,angry
3052,Nirvana,"Endless, Nameless",angry
3053,Metallica,Enter Sandman,angry
3054,Annie Lennox,Erased,angry
3055,Korn,ever be,angry
3056,Korn,Evolution,angry
3057,SUM ,Fat Lip,angry
3058,Nickelback,Flat On The Floor,angry
3059,Fort Minor,Get Me Gone,angry
3060,Eminem,Going Through Changes,angry
3061,Miranda Lambert,Gunpowder & Lead,angry
3062,SUM ,Handle This,angry
3063,Pj Harvey,Hardly Wait,angry
3064,Nine Inch Nails,Heresy,angry
3065,The Dillinger Escape Plan,Hero of the Soviet Union,angry
3066,Dannii Minogue,Hide And Seek,angry
3067,Cypress Hill,I Ain'T Goin' Out Like That,angry
3068,Three Days Grace,I Hate Everything About You,angry
3069,Eminem,I'M Back,angry
3070,Soulfly,Jumpdafuckup (Album Version),angry
3071,Eminem feat. Nate Dogg,âTill I Collapse,angry
3072,Eminem,Kill You,angry
3073,Korn,kiss,angry
3074,Violent Femmes,Kiss Off,angry
3075,Marilyn Mans,Lamb Of God,angry
3076,Kelly Clarkson,Let Me Down,angry
3077,The Truth,Limp Bizkit,angry
3078,Theory Of A Deadman,Little Smirk,angry
3079,Eminem,Lose Yourself,angry
3080,Marilyn Manson,Lunchbox,angry
3081,Eminem,Marshall Mathers,angry
3082,Metallica,Master Of Puppets,angry
3083,SUM ,Motivation,angry
3084,Eminem,Music Box,angry
3085,Adelitas Way,My Derailment,angry
3086,Kelly Clarkson,My Life Would Suck Without You,angry
3087,Metallica,Nothing Else Matters,angry
3088,Nine Inch Nails,Only,angry
3089,Stone Sour,Orchids,angry
3090,Vanessa Carlton,Paint It Black,angry
3091,Tori Amos,Pancake,angry
3092,Nine Inch Nails,Physical (You'Re So),angry
3093,Falling In Reverse,Pick Up the Phone,angry
3094,Taylor Swift,Picture To Burn,angry
3095,Sparklehorse,Pig,angry
3096,Hole,Playing Your Song,angry
3097,Manchester Orchestra,Pride,angry
3098,Suzanne Vega,(I'Ll Never Be) Your Maggie May,relaxed
3099,Craig David, Days,relaxed
3100,Priscilla Ahn,A Good Day (Morning Song),relaxed
3101,Jessica Simpson,A Public Affair,relaxed
3102,Leonard Cohen,A Thousand Kisses Deep,relaxed
3103,Christina Perri,A Thousand Years,relaxed
3104,Owl City,Air Traffic,relaxed
3105,Mindy Gledhill,All About Your Heart,relaxed
3106,Craig David,All The Way,relaxed
3107,Angela Ammons,Always Getting Over You,relaxed
3108,Olivia Ong,Amazing Grace,relaxed
3109,Jack Johnson,At Or With Me,relaxed
3110,Bread,Aubrey (Lp Version),relaxed
3111,Kari Jobe,Be Still,relaxed
3112,Lampshade,Because Trees Can Fly,relaxed
3113,Kelly Clarkson,Behind These Hazel Eyes,relaxed
3114,Jack Johnson,Better Together,relaxed
3115,Imogen Heap,Between Sheets,relaxed
3116,Nada Surf,Blonde On Blonde,relaxed
3117,Lady & Bird,Blue Skies,relaxed
3118,Leonard Cohen,Boogie Street,relaxed
3119,Augustana,Boston,relaxed
3120,Telepopmusik,Breathe,relaxed
3121,Sophie Zelmani,Breeze,relaxed
3122,Jamie Cullum,But For Now,relaxed
3123,Christy Nockels,By Our Love,relaxed
3124,Kendrick Lamar,Chapter Six,relaxed
3125,The Cardigans,Please Sister,relaxed
3126,Lunik,Preparing To Leave,relaxed
3127,Secret Garden,Raise Your Voices,relaxed
3128,Chris Garneau,Relief,relaxed
3129,october project,return to me,relaxed
3130,Tim Christensen,Right Next To The Right One,relaxed
3131,Chris Garneau,Sad News,relaxed
3132,Azure Ray,Safe And Sound,relaxed
3133,Christina Aguilera,Save Me From Myself,relaxed
3134,Rosie Thomas,Say Hello,relaxed
3135,Sarah Brightman,Scarborough Fair,relaxed
3136,Jamiroquai,Seven Days In Sunny June,relaxed
3137,Norah Jones,Seven Years,relaxed
3138,Deftones,Sextape,relaxed
3139,Robbie Williams,She'S The One,relaxed
3140,Sissel,Should It Matter,relaxed
3141,Copeland,Should You Return,relaxed
3142,Kacey Musgraves,Silver Lining,relaxed
3143,Egil Olsen,Sleep With You,relaxed
3144,John Martyn,Small Hours,relaxed
3145,Chris Garneau,So Far,relaxed
3146,Gotye,Somebody That I Used To Know,relaxed
3147,Britney Spears,Sometimes,relaxed
3148,Lizz Wright,Speak Your Heart,relaxed
3149,Joey Mcintyre,Stay The Same,relaxed
3150,Lady & Bird,Stephanie Says,relaxed
3151,Athlete,Street Map,relaxed
3152,Missy Higgins,Sugarcane,relaxed
3153,Lady & Bird,Suicide Is Painless,relaxed
3154,Loquat,Swingset Chain,relaxed
3155,Dido,Thank You,relaxed
3156,rain,the corrs,relaxed
3157,Tamas Wells,The Crime At Edmond Lake,relaxed
3158,Marketa Irglova,The Hill,relaxed
3159,Paul McCartney,The Long And Winding Road,relaxed
3160,Glenn Frey,The One You Love,relaxed
3161,The High Kings,The Parting Glass,relaxed
3162,A Fine Frenzy,The Sighting,relaxed
3163,Deadmau,The Veldt (Radio Edit),relaxed
3164,James Taylor,The Water Is Wide,relaxed
3165,Maroon ,The Way You Look Tonight,relaxed
3166,Jem,they,relaxed
3167,Tamas Wells,Three Courses And An Open Canoe,relaxed
3168,Laura Veirs And Saltbreakers,To The Country,relaxed
3169,Keith Urban,Tonight I Wanna Cry,relaxed
3170,Gareth Gates,Too Serious Too Soon,relaxed
3171,Harry Belafonte,Unchained Melody,relaxed
3172,Alexi Murdoch,wait,relaxed
3173,Avant,Wanna Be Close,relaxed
3174,Matt Costa,Wash Away,relaxed
3175,Azure Ray,We Exchanged Words,relaxed
3176,Stacey Kent,What a Wonderful World,relaxed
3177,Justin Timberlake,What Goes Around Comes Around,relaxed
3178,Rosemary Clooney,When You Wish Upon A Star,relaxed
3179,Amel Larrieux,Wild Is The Wind,relaxed
3180,Sting,Windmills Of Your Mind,relaxed
3181,Ivy,Worry About You,relaxed
3182,chris young,You,relaxed
3183,Carly Simon,You Are My Sunshine,relaxed
3184,Carla Bruni,You Belong To Me,relaxed
3185,Jason Wade,You Belong To Me,relaxed
3186,Michael Learns To Rock,You Took My Heart Away,relaxed
3187,The Cardigans,.45 _ No Sleep,relaxed
3188,Feist,Cicadas & Gulls,relaxed
3189,Matt Cab,Coldest Winter,relaxed
3190,Greg Laswell,Comes And Goes (In Waves),relaxed
3191,Rick Astley,Cry For Help,relaxed
3192,Bonnie Raitt,Cry On My Shoulder,relaxed
3193,Britney Spears,Dear Diary,relaxed
3194,Priscilla Ahn,Dream,relaxed
3195,Alison Krauss,Dreaming My Dreams With You,relaxed
3196,Keren Ann,End Of May,relaxed
3197,William Fitzsimmons,Even Now,relaxed
3198,Sky Sailing,Explorers,relaxed
3199,Jamie Foxx,Fall For Your Type,relaxed
3200,Landon Pigg,Falling In Love At A Coffee Shop,relaxed
3201,Dan Wilson,Free Life,relaxed
3202,Jason Mraz,Geek In The Pink,relaxed
3203,Daniel Powter,Give Me Life,relaxed
3204,Dixie Chicks,Godspeed (Sweet Dreams),relaxed
3205,Sophie Zelmani,Going Home,relaxed
3206,Kings Of Convenience,gold in the air of summer,relaxed
3207,Sophie Zelmani,Goodbye,relaxed
3208,Laura Story,Grace,relaxed
3209,Dave Matthews Band,grace is gone,relaxed
3210,Dido,Grafton Street,relaxed
3211,Chris Garneau,Hands On The Radio,relaxed
3212,First Aid Kit,Hard Believer,relaxed
3213,Mark Schultz,He Will Carry Me,relaxed
3214,James Vincent McMorrow,Hear The Noise That Moves So Soft And Low,relaxed
3215,Oren Lavie,Her Morning Elegance,relaxed
3216,Leona Lewis,Here I Am,relaxed
3217,Kings Of Convenience,Homesick,relaxed
3218,Jo De La Rosa,Honestly,relaxed
3219,The Fray,How To Save A Life,relaxed
3220,Maximilian Hecker,I Am Falling Now,relaxed
3221,Dixie Chicks,I Believe In Love,relaxed
3222,Jessica Simpson,I Belong To Me,relaxed
3223,Natasha Bedingfield,I Bruise Easily,relaxed
3224,Teddy Thompson,I Don'T Want To Say Goodbye,relaxed
3225,Darren Hayes,I Miss You,relaxed
3226,The National,I Need My Girl,relaxed
3227,Eels,I Need Some Sleep,relaxed
3228,Rod Stewart,I Was Only Joking,relaxed
3229,Abba,I Wonder (Departure),relaxed
3230,Tamas Wells,I'M Sorry That The Kitchen Is On Fire,relaxed
3231,Cutting Crew,I've Been In Love Before,relaxed
3232,Charlene,I'Ve Never Been To Me,relaxed
3233,Jaci Velasquez,imagine me without you,relaxed
3234,Shelley Harland,In The Dark,relaxed
3235,Club ,In The Morning,relaxed
3236,Bang Gang,Inside,relaxed
3237,The ,Is There Somebody Who Can Watch You,relaxed
3238,Hayley Sales,Jailcell Mind,relaxed
3239,Club ,"Jesus, Walk With Me",relaxed
3240,Maria Mena,Just Hold Me,relaxed
3241,Katie Melua,just like heaven,relaxed
3242,Agnes Kain,Keep Walking or I'll Kill You,relaxed
3243,Oh Laura,Killer On The Road,relaxed
3244,Priscilla Ahn,Leave The Light On,relaxed
3245,Olivia Ong,Let It Rain,relaxed
3246,Dido,Life For Rent,relaxed
3247,The Afters,Light Up the Sky,relaxed
3248,Corinne Bailey Rae,Like A Star,relaxed
3249,Feist,Limit To Your Love,relaxed
3250,Laura Marling,Little Love Caster,relaxed
3251,Of Monsters and Men,Little Talks,relaxed
3252,Jason Mraz,Living In The Moment,relaxed
3253,Everlast,Lonely Road,relaxed
3254,Lianne La Havas,Lost & Found,relaxed
3255,Club ,Love In December,relaxed
3256,Corrinne May,Love Song For 1,relaxed
3257,Natalie,Love You So,relaxed
3258,Enya,May It Be,relaxed
3259,Lene Marlin,Maybe I'Ll Go,relaxed
3260,Shayne Ward,Melt The Snow,relaxed
3261,Roxette,Milk And Toast And Honey,relaxed
3262,coldrain,Miss You,relaxed
3263,Joe Strummer & The Mescaleros,Mondo Bongo,relaxed
3264,Rosie Thomas,Much Farther To Go,relaxed
3265,Nelly,My Place,relaxed
3266,Hayley Westenra,Never Say Goodbye (Adapted From _Pavane_),relaxed
3267,Keren Ann,Not Going Anywhere,relaxed
3268,Diane Birch,Nothing But A Miracle,relaxed
3269,Arctic Monkeys,Only Ones Who Know,relaxed
3270,Rhye,Open,relaxed
3271,Britney Spears,Out From Under,relaxed
3272,Israel Kamakawiwo'ole,Over The Rainbow _ What A Wonderful World,relaxed
3273,KT Tunstall,Paper Aeroplane,relaxed
3274,Sean Lennon,Parachute,relaxed
3275,Kanye West,Pinocchio Story (Freestyle Live Fr,relaxed
